,movie_name,scores,text,labels,ppl
23455,春娇救志明,3.0,第二部就不该拍竟然还出第三部,0,8.235306471308835
6434,信笺故事,4.0,邪教一般的诱导性侵，令人作呕,1,52.18886342085182
37994,老炮儿,4.0,局气！规矩！管虎导了俩影帝了！,1,412.01932899540105
45474,金刚狼3：殊死一战,3.0,前半段真好看，后半段越来越萎,0,9.228926187464895
37018,美人鱼,1.0,前面的剧情看得我尴尬癌都犯了,0,4.250020439205782
39152,致我们终将逝去的青春,2.0,混乱的情节，特么矫情无下限。,0,26.979942554177427
4952,从你的全世界路过,3.0,适合能静得下心和有故事的人。,0,21.418854621507176
49922,黑天鹅,5.0,最是人间留不住朱颜辞镜花辞树,1,140.40007488102182
18895,忠犬八公的故事,5.0,超级治愈又感人，狗狗真的好暖心,1,12.184488429185174
16855,幕后玩家,3.0,密室设定很有意思，可惜未能维持,0,16.593601959126726
33344,看不见的客人,5.0,原来巴萨的德国馆还有这个用处,1,50.19918665490682
43014,超时空同居,4.0,丫丫真的太美了，前夫哥好可爱,1,15.454651169358527
30945,玉米地的孩子:起源,1.0,烂的一逼，啥都没有，狗屁不通。,0,25.162670217959917
11202,堕落天使,5.0,这个玛丽苏我喜欢很好看求续集,1,30.560023023724117
4632,人再囧途之泰囧,3.0,搞定岳父大人＞人在囧途1＞泰囧,0,602.741677819003
43097,超时空同居,5.0,看了点映，好多戳中我泪点??,1,22.181986957096257
7229,前任2：备胎反击战,2.0,郑恺和郭采洁还挺有cp感的。,0,20.9091143020344
46824,闪光少女,3.0,民乐要靠二次元来拯救了嘛……,0,11.90131473638696
44791,逆光之恋,5.0,反正我追完了，为了女主的颜值,1,25.695472614325702
40750,西游伏妖篇,1.0,我朋友说，她尴尬得想原地去世。,0,105.00036647810674
24357,机器之血,2.0,今年作品太多了，有点透支了。,0,10.130181611043277
12065,大话西游之大圣娶亲,1.0,我是真的觉得孙悟空的扮相太丑了,0,2.3994980500528693
44782,逆光之恋,4.0,还可以吧……感觉题材还算新颖,1,2.7152079984987774
11314,夏洛特烦恼,3.0,看完情圣来评评这部这部比情圣好,0,11.667501017430874
19047,怦然心动,5.0,它令我想起曾经怦然心动的轻吻,1,4.999503191958263
45899,铜雀台,1.0,发哥抄着烂片专业户就去了。。。,0,149.66388097932304
14214,好久不见,2.0,第一集演得什么玩意儿，尴尬死了,0,8.96947599476942
31414,王牌特工2：黄金圈,4.0,热热闹闹的，看得我好开心啊。,1,5.024411243469751
25276,极速天使,2.0,煽情煽成了MV，大家都笑了。,0,27.87100145887639
47776,降临,5.0,最喜欢的科幻故事，很成功的改编,1,2.7812341123033693
45012,通勤营救,4.0,还算可以哦，故事讲的挺精彩！,1,10.443739577963933
49786,黑天鹅,3.0,被黑天鹅惊艳到了！美轮美奂！,0,3.55737657981198
47116,阿凡达,5.0,故事四颗星，故事以外六颗星。,1,7.775818160630093
11029,堕落天使,1.0,到底在演什麼啊？？大爛片！！！,0,78.66597804660215
30704,猎野人,5.0,卧槽我竟然看过啊啊啊啊啊啊啊,1,8.410492527057581
3121,临时同居,4.0,你无车无楼无番狗做乜要拖我手,1,149.3209307836338
9512,古墓丽影：源起之战,2.0,最弱版劳拉了吧？太弱了太无聊了,0,24.30971018088162
15976,小丑回魂,3.0,重拍经典，孩子对恐惧的克服。,0,8.531128058431952
26862,比得兔,5.0,太好看了！笑得我内分泌失调！,1,10.21510536432778
30395,狂兽,3.0,本来两星，加一星给受罪的演员吧,0,31.044981797412934
22972,星际特工：千星之城,3.0,《星际特工：全宇宙看我们尬爱》,0,60.87263061161857
30570,狂暴巨兽,3.0,特效不错啊，但剧情就大简单了,0,27.31578051940098
18916,怦然心动,3.0,觉得不太好看为什么分这么高呢,0,9.93873567636996
20588,房客,3.0,气氛到位，演员不存，故事简单！,0,26.452514147757075
13869,奇门遁甲,2.0,看的点映，形式“精致”的大烂片,0,17.82208593511009
24216,月光男孩,4.0,最后居然没搞你们还是人吗？？？,1,24.513893703128765
37105,美人鱼,2.0,真的很一般，哪怕他是周星驰！！,0,8.09005101019609
32991,相爱相亲,3.0,平淡真实不温不火我没懂哭点在哪,0,37.44192816199012
1732,三块广告牌,5.0,其实伍迪哈里森演的是一个天使,1,124.53691966243287
27970,游戏之夜,3.0,三星半，bateman真可爱,0,1344.8632263978786
4472,亲爱的,5.0,陈可辛拍商业文艺片真的不错~~,1,12.439508345325914
33439,睡在我上铺的兄弟,1.0,泡泡妹子打打架，兄弟情在哪？,0,17.46553835657607
19593,我想结婚的时候你在哪,1.0,体制内的龙套北漂演员您都请全了,0,305.1376492937583
11847,大护法,1.0,一部非常尬的电影。不推荐观看。,0,10.740217023144153
28001,游戏之夜,3.0,很多地方都很用心诶，女神依旧。,0,6.157577263015504
16369,少年派的奇幻漂流,3.0,张艺谋式的漂亮画面，何必3D。,0,38.875732906583856
31321,王牌特工2：黄金圈,3.0,"我不信你们没东西怼地雷啊=""=",0,48.0264001528736
18949,怦然心动,4.0,少男少女必看，爱与美的启蒙。,1,13.664348498427788
32102,疯狂动物城,5.0,迪斯尼的动画很赞，配乐很好听！,1,10.327390479339504
9630,古墓丽影：源起之战,4.0,喜欢坎妹素颜的劳拉，期待后续。,1,110.21414374484432
42124,记忆大师,3.0,杨珊珊和警官也是强行反转……,0,21.988891008041335
1571,七月与安生,5.0,演小安生的小朋友很像岳云鹏啊。,1,18.700086584191833
38226,肖申克的救赎,4.0,你猜不到的结局…猜不到的惊异…,1,6.763058020113741
17406,异星觉醒,1.0,卡尔文老师不是触手，是海蜇皮啊,0,93.69570313360806
24554,机器人总动员,4.0,我不会说情话，只知道陪着你。,1,2.7131911054671134
34525,神奇女侠,3.0,DC真的是不行，和漫威不能比,0,5.458989646735563
6181,侏罗纪世界2,5.0,腕龙站在码头哀嚎的场景太泪目了,1,46.976213797296474
6583,僵尸日记2,2.0,比较难看的伪记录僵尸片...,0,21.66738463398843
6224,侠捕,2.0,cctv6盛产类似的古装片……,0,36.02673778014943
39086,致我们终将逝去的青春,1.0,打一星以上的人都是咋想的！！！,0,14.03654082398329
14019,女子雇佣军,2.0,好吧，为了阿姨们的搏命演出。,0,31.638689500969523
10409,喜欢你,3.0,勉强合格。觉得周冬雨有点厉害。,0,11.283890380188371
24108,月光男孩,3.0,Highlyoverrated,0,64093.391595392684
21295,摆渡人,1.0,干了这碗毒鸡汤，来世不见张嘉佳,0,39.79171569109744
6067,侏罗纪世界2,4.0,妈的吓死我了叫得我嗓子都哑了,1,6.863908115392733
9505,古墓丽影：源起之战,2.0,寻父，遇彦祖。掘墓，炸病毒。,0,148.92072634040167
9929,后来的我们,1.0,真恶心！恶意退票算违法了吧？,0,18.249685740743562
41265,西游记女儿国,2.0,嗯电影院椅子挺舒服，睡得挺好,0,7.771446760351519
48553,飞屋环游记,5.0,Pixar真的没有让我失望过。,1,15.434514260225013
24690,机器人总动员,5.0,看完只想把所有好东西都给它……,1,11.026111035250217
6635,僵尸日记2,4.0,我给你四星，反正我就是胆小。,1,8.411741564261805
4225,亲爱的,4.0,感动，也反应了现代社会的现状,1,8.921372064639035
4338,亲爱的,4.0,除了人贩子，所有人都是受害者,1,6.480853598519777
25535,楚门的世界,4.0,逃离已知世界的勇气令人敬佩。,1,11.513263610969027
17716,当幸福来敲门,4.0,老一套温情，稍稍让我有点麻木,1,18.36018882650135
47637,降临,3.0,我特么就想知道那句中文是什么,0,5.543130591474252
8508,勇敢者游戏：决战丛林,4.0,好看！但是最后那关不过瘾???,1,14.174971063795876
14687,妖猫传,5.0,中二到极致，就是真、善、美。,1,6.096382146807013
33582,睡在我上铺的兄弟,3.0,还行吧，有点过去的情和成长的痛,0,18.942982897495657
23534,春娇救志明,4.0,谁能拒绝穿护士服的余春娇呢？,1,27.335164164721675
26207,残酷饭店,3.0,太恶心了~不要看~建议哈···,0,13.86739234731534
28591,潜艇总动员4：章鱼奇遇记,1.0,主角明明是章鱼，你叫潜艇总动员,0,30.48285728167492
5931,侏罗纪世界2,3.0,有佳句无佳章，也就泯然众人矣。,0,9.760960870330136
19643,我想结婚的时候你在哪,1.0,没看。但是五星水军太恶心了。,0,15.664639607357358
31415,王牌特工2：黄金圈,4.0,爽着爽着导演就给你喂了一口屎,1,16.979160333247894
2047,不成问题的问题,3.0,好的地方都是老舍的。★★★☆,0,63.463483543714815
9358,变形金刚5：最后的骑士,2.0,感觉在铁匠铺呆了一宿。。。。,0,31.952255945934812
27611,海洋奇缘,4.0,勇敢、努力、坚强的女孩都是公主,1,5.821955813995391
24947,极盗车神,2.0,埃德加赖特的GTA6？太屎了,0,271.21896871943
24137,月光男孩,3.0,小哥有精神洁癖呀，这点好赞。,0,11.607700736432726
18739,忠犬八公的故事,4.0,永远不要忘记你所爱的人，感动,1,5.856286869043271
26928,气喘吁吁,1.0,把所有人都拍这么难看太不容易了,0,3.360278267825185
47161,阿甘正传,2.0,阴险的美国人否弃历史的拙劣手段,0,52.838256504230976
15616,寂静之地,5.0,就想知道睡觉打呼噜的人怎么办,1,2.0714159124049583
49084,驴得水,5.0,能把蒜皮当雪花的姑娘你真好。,1,12.531133004635315
46654,长城,2.0,我没想到加分项竟然是景甜老师。,0,8.617714747765033
12068,大话西游之大圣娶亲,1.0,谁能告诉我这电影到底好在哪?,0,2.6179993109286963
31054,王牌保镖,3.0,交通安全宣传片，情感关系咨询片,0,5.44140793403074
22682,星球大战8：最后的绝地武士,5.0,Kylo在色誘Rey啊啊啊！！,1,719.9682049439372
21126,捉妖记2,2.0,演员升级，故事降级，无聊透了。,0,24.134290539115796
5558,佛罗里达乐园,5.0,这么放肆的活着，让人羡慕又心痛,1,3.7919251202807285
19669,我想结婚的时候你在哪,1.0,车行径你妈逼去死！杀人凶手！,0,92.51035867554431
38351,肖申克的救赎,5.0,最后奔跑拥抱那里真的好感动。,1,24.479393963754863
29835,爱情真善美,1.0,女个坏女人挺好看的，好友真真,0,38.010494505047376
25607,楚门的世界,5.0,小时候一度怀疑自己活在大电视中,1,6.969396680508449
40355,血欲,1.0,哇5，这午间电影看得头昏脑胀的,0,35.65775091759694
20290,战狼2,1.0,犯我中华者，虽远必诛其超市！,0,106.05740376938982
32379,盗梦空间,4.0,我眼拙。不过剧情还是吸引人的。,1,6.908182011536808
7517,前任3：再见前任,4.0,看哭了，我是不是自我代入太努力,1,13.584431772267898
47322,阿甘正传,5.0,生命不止，奔跑不息。励志电影,1,5.787990251067435
48159,雷神3：诸神黄昏,4.0,全片都是彩蛋。最后两个彩蛋。,1,8.44974853758232
39334,芳华,2.0,馮小剛的電影，簡稱「尬影」。,0,36.942651596102536
30801,猩球崛起3：终极之战,3.0,特效不错吧，其他没什么感觉。,0,12.662742318148577
48912,驴得水,2.0,莫名其妙，演到一半变得毫无逻辑,0,4.761532936213198
27998,游戏之夜,3.0,好玩，看完很放鬆的輕鬆喜劇。,0,12.679075091483467
5783,侏罗纪世界2,2.0,为了第三部放恐龙也是牛逼……,0,23.32119393258091
25444,检法男女,5.0,剧情紧凑，案件逼真，很好看。,1,9.373377291946928
29170,燃烧,4.0,好的电影是日常与不可知的交汇。,1,23.484587857399994
45902,铜雀台,1.0,发哥近年来也都是接的烂片子啊,0,19.81779874056316
41165,西游记女儿国,1.0,不是赵丽颖差，而是朱琳太好。,0,11.302715770427396
3114,临时同居,3.0,题材不错，可惜片子真的很一般。,0,10.42031172919814
28516,湮灭,4.0,披着科幻片外衣的恐怖悬疑电影,1,2.802094637736078
45673,金刚：骷髅岛,2.0,他们都在打酱油不要冤枉甜老师,0,8.422711003490305
44474,逃出绝命镇,3.0,虐杀白垃圾的感觉真的会超爽吧,0,30.365018829583494
2914,丰乳镇娇妻,4.0,verycd上的三级太强悍了,1,112.52704154291794
36553,缝纫机乐队,4.0,比我想象的好看，和妈妈一起看的,1,12.29502743328778
12405,大话西游之月光宝盒,5.0,周星驰的经典制作之一，百看不厌,1,3.9803417565904455
35983,绣春刀II：修罗战场,3.0,世人久不见苍鹰，竟觉秃鹫美。,0,67.96870149776997
24574,机器人总动员,4.0,看完了真的值得深思，很有深意。,1,4.2679475704007
16765,帕丁顿熊2,5.0,赞美可爱善良孝顺的帕丁顿熊！！,1,69.94909600521484
3072,临时同居,3.0,忘了讲什么了。7分吧。看完了,0,30.943663189830232
43841,进击的巨人真人版：前篇,2.0,立体机动装置的镜头拍得真是丑啊,0,25.18613384573233
13535,奇异博士,5.0,答应我一定要去看3D的好吗？,1,22.8783193491104
27935,温彻斯特,4.0,能吓到人的恐怖片就是好恐怖片,1,4.796249232298538
37463,美女与野兽,5.0,“这房间里面的书都是你的了”,1,7.888163671826361
17012,平壤之约,1.0,傲慢自大的朝鲜人领导了此电影,0,35.102853921542135
50167,黑色大丽花,1.0,下錯片來看了，這片看著噁心。,0,59.612277218009396
25900,正义联盟,1.0,把功夫都用在P超人的胡子上了,0,12.714626365588135
31068,王牌保镖,3.0,哦，我好喜欢局长两口子啊！~,0,82.55508965205937
43522,过年好,5.0,我不管反正我看哭了我要给五星,1,9.399989816445421
14127,好久不见,1.0,梦蝶的发型是模仿鲶鱼设计的吗？,0,9.279149216957897
40591,血观音,4.0,“你出得了海，你上得了岸吗？”,1,3.7672284038908077
43758,进击的巨人真人版：前篇,1.0,改编成这样我也是黑人问号脸了,0,55.254861513855225
43393,过年好,2.0,偶尔看看这种不用大脑的也挺好,0,34.00889997734343
19357,悟空传,5.0,投资人请看电影打五分哈哈哈哈,1,32.23723815469351
7722,剪刀手爱德华,5.0,忧伤的电影JohnnyDepp,1,1260.069538889031
11952,大护法,4.0,不错的国产动画电影，值得鼓励。,1,3.218898946593426
23780,暴裂无声,5.0,绝望感，徒劳感一点点地蔓延。,1,67.79774362235712
33622,祖宗十九代,1.0,哇，大咖云集的大烂片。。。。,0,16.105755161940305
6131,侏罗纪世界2,4.0,真正的大片，真正的视觉盛宴。,1,6.617743274591644
39582,英伦对决,3.0,近年来成龙最佳，先说到这里吧。,0,38.60685542402513
36016,绣春刀II：修罗战场,3.0,张震，雷佳音不错，但是.……,0,89.4326614729729
49046,驴得水,5.0,仗义每多屠狗辈，负心总是读书人,1,257.6492492234085
23480,春娇救志明,4.0,你爱我我爱你你变成我我变成你,1,1.5995478781349568
30778,猩球崛起3：终极之战,3.0,只是猩猩版的胜利大逃亡或者越狱,0,10.41814729031603
26793,比得兔,4.0,休闲娱乐的一部童话故事片子。,1,8.688200984148846
47988,隐藏人物,5.0,尊重与认同，是靠实力争取来的,1,10.533970182979722
7844,功夫瑜伽,2.0,最后还逼着看了场广场舞好尴尬啊,0,15.945694092148926
16611,帕丁顿熊2,4.0,休格兰特荣升英国周润发宝座【,1,42.243378173845905
7068,分裂,4.0,最后怎么突然就玄幻起来了？！,1,20.601929481274627
33251,看不见的客人,4.0,反转反转大反转，值得好好用心看,1,7.913215376912162
34533,神奇女侠,3.0,三星半吧。女主挺美。剧情太扯。,0,22.821463511532006
41274,西游记女儿国,2.0,我不懂林志玲存在的意义是什么,0,2.074465723710522
1892,三生三世十里桃花,1.0,杨洋太油腻了。仙姑都不能拯救。,0,33.51915378518624
2571,东方快车谋杀案,4.0,我还蛮喜欢的vintage耶,1,30.71500431701645
7017,分裂,3.0,视听成熟，剧作幼稚，表演出色。,0,16.378055845862423
33663,祖宗十九代,1.0,渣看首映看的睡着为中国电影难过,0,13.469787797564752
41653,解忧杂货店,1.0,这是东野圭吾被黑得最惨的一次,0,2.310330960842657
25798,欢乐好声音,4.0,挺好看干嘛取这么一个傻中文名。,1,14.815358659234168
5955,侏罗纪世界2,3.0,特效不错，就觉得女主好漂亮。,0,15.895997611669536
37930,老炮儿,3.0,其实很一般，老流氓逝去的青春,0,16.55531723147749
41139,西游记之大圣归来,5.0,称得上是国漫精品了。继续努力。,1,8.799091670853125
44855,通勤营救,3.0,一把年纪还在拍动作片也是心疼…,0,8.689031055817964
6199,侠捕,1.0,哈哈哈哈哈哈哈哈哈哈哈哈哈哈,0,1.036707432377873
23669,暴裂无声,4.0,人性的丑陋，不敢看透的人心。,1,14.777376306927053
40921,西游伏妖篇,5.0,我相信，看粤语效果会好很多。,1,11.010514635826372
5358,佛罗里达乐园,2.0,我怎么就这么讨厌这部电影呢？,0,1.79059055042365
31300,王牌特工2：黄金圈,3.0,合格爆米花大片附加價值觀輸出,0,255.78698982030366
47443,阿飞正传,4.0,故事不是关键，弥漫的氛围完胜。,1,15.948091511892528
19329,悟空传,4.0,一生筚路成天地，半恨亲仇错缘君,1,1161.6955655513277
30647,狂暴巨兽,4.0,还行，大猩猩很酷xxoo都懂,1,84.55564483360479
23479,春娇救志明,4.0,作為本土喜劇來說，是非常不錯的,1,3.4174248249808152
20601,房客,3.0,禁闭自己的永远都是内心的魔障,0,10.690699282507762
27721,海洋奇缘,5.0,视觉效果，故事和音乐都值五星。,1,10.334291315266107
14381,如果，爱,2.0,演技在线，剧情太狗血，已弃剧。,0,7.332835679666799
34784,神雕侠侣,2.0,扮相为何要那么的难看呢？~~~,0,9.94802183032792
29587,爱你，西蒙,1.0,看到同性恋题材，就忍不住给一星,0,8.663023546716834
48737,马戏之王,3.0,歌舞剧，唱唱跳跳还是不错的。,0,5.995759548795062
50409,黑豹,3.0,工业合格，但就没有一个点戳到我,0,36.693203370464126
1758,三块广告牌,5.0,我和我边上的大叔一直在抹眼泪,1,12.229663879749815
23547,春娇救志明,5.0,坚持住十分钟影院并没有放错片,1,40.081488070384765
27665,海洋奇缘,4.0,迪斯尼已经掌握了套路的水龙头,1,55.257310867650205
39726,萨利机长,3.0,汤姆汉克斯总能逮到机会跑两步,0,32.01394366437726
8664,北京遇上西雅图,3.0,好看是好看，但是不值那么高分,0,12.232524658866485
2319,东京无国籍少女,2.0,恕我愚昧，不太懂讲了些什么。。,0,12.50434919125839
20032,我的美好欲望,5.0,三个大妈一台戏，还是不搞笑的戏,1,28.93460707016385
4770,人再囧途之泰囧,5.0,真的是开怀大笑。还不被灌鸡汤,1,25.932381153357287
34765,神雕侠侣,2.0,呵呵，挑了这对侠侣可够XIA,0,293.1010111404178
43012,超时空同居,4.0,丫丫的美看着舒服，还是值得的,1,14.56869467199851
35486,红海行动,5.0,尺度真大…超过好莱坞了…我喜欢,1,21.712068577951243
46075,铜雀台,4.0,依旧霸气四射，最后的自杀是败笔,1,18.176257726209567
5106,伊凡王子与百变公主,5.0,好爱这个导演，可爱的老头么么哒,1,10.377657739902759
27913,温彻斯特,3.0,还行吧，杀杀时间还是没问题的。,0,8.524795438119579
27253,水形物语,4.0,辐射4新DLC之泥沼蟹王爱上我,1,322.94083718403755
32931,盲·道,4.0,最近看的一部电影……哈哈哈哈哈,1,4.194170199173939
19843,我是你妈,2.0,这片名，也是醉了，剧情也一般,0,5.784531514347654
40765,西游伏妖篇,1.0,烂死了的片子，完全没有演技可言,0,4.584972355838455
27377,泰坦尼克号,5.0,"Youjump,Ijump.",1,15.150308766522327
15068,妻子的秘密,2.0,在云山这一大段剧情，太作了。,0,22.02211829173289
10327,喜欢你,1.0,不就一国产玛丽苏么有几把个甜,0,246.29005892705467
47218,阿甘正传,4.0,那个时候的小汤哥真帅！演技惊艳,1,9.783531147789635
7838,功夫瑜伽,2.0,把李治廷当成王力宏从头看到尾,0,27.16110348311019
33992,神偷奶爸3,4.0,告诉我有多少人只是来看小黄人的,1,10.28524994114353
32924,盲·道,4.0,很喜欢李导，一个坚持自我的导演,1,3.7586749768881234
15138,妻子的秘密,5.0,百合小姐姐颜值巅峰，温柔似水。,1,11.471571991998873
22189,无问西东,3.0,高考思想，中考提纲，小学情怀,0,29.675290754210284
48317,霸王别姬,5.0,你凝视你的脸，几亿人在爱恋。,1,24.012394254609923
27336,泰坦尼克号,4.0,撸辣么多次的片居然没打分...,1,42.80405412367885
30785,猩球崛起3：终极之战,3.0,感觉人类小女孩就是个摆设……,0,20.960428444621385
34175,神奇侠侣,3.0,前面做的很认真中间拖了点烂尾,0,14.896132154791308
45959,铜雀台,2.0,一颗心给玉木宏另一颗心给苏有朋,0,39.64405784441654
8987,华盛顿邮报,5.0,作为一个媒体人真的是热泪盈眶。,1,2.619482304070772
13193,头号玩家,4.0,好吧老贼，这次算被你煽到了…,1,95.79953033650253
6728,分手大师,1.0,怎么笑？爆笑的都是什么人啊？,0,14.29949514562358
44702,逆光之恋,2.0,我承认我只是想看热巴....,0,10.172416407798192
34149,神奇侠侣,2.0,现在的香港喜剧，是比谁更烂吗？,0,19.89609759391924
31158,王牌保镖,4.0,在瑞恩面前，没有理智的评分。,1,18.014688776944507
38384,肖申克的救赎,5.0,经典到不知道用什么言语来评价它,1,8.73657373182401
50202,黑色大丽花,1.0,可以排进我看过的最烂电影前三。,0,10.361406479346787
36073,绣春刀II：修罗战场,4.0,又名《这世间女子都不爱沈炼》,1,50.34690465997831
34034,神偷奶爸3,5.0,可爱到爆的啦！全片脑内布兰妮！,1,479.61333018072656
29887,爱情真善美,2.0,剧情拖沓加狗血，但爱邱泽没办法,0,310.9608478321107
22472,星河战队2：联邦英雄,3.0,没有男主，防守作战，意思不大。,0,20.797003620863975
2174,不成问题的问题,4.0,范伟演的好，和耳朵大有福一样。,1,83.84694293753967
43765,进击的巨人真人版：前篇,1.0,看了五分钟决定来打完分走人……,0,20.62693589571915
50312,黑色大丽花,4.0,BlackDahlia·山寨货,1,1066.755618233378
39261,致我们终将逝去的青春,5.0,你觉得我的小么？我也没见过大的,1,6.097868969691145
33361,看不见的客人,5.0,整个看到鸡皮疙瘩大起，爱死了。,1,38.17082009622093
36345,缘来是游戏,5.0,为了陈导，破例为国产片打高分！,1,35.312956780153755
17282,异形：契约,4.0,两只法鲨傍地走安能辨我是攻受,1,3386.144418527081
43364,过年好,1.0,要不是冲着文章那三字一星都不给,0,58.86711206832219
26682,比得兔,2.0,所以这套兔子都什么混蛋三观？,0,134.02081976947994
18612,忌日快乐,4.0,发现讨论区很多智商很低的人耶。,1,21.595914796148133
24974,极盗车神,3.0,不过不失，后半段剧情有点失控了,0,12.27464816229113
20834,抓住彩虹的男人,4.0,看颜值，看服装，剧情可以忽略。,1,5.164223231673207
25404,检法男女,2.0,女主人设太太太太讨人厌了弃了,0,38.38465918936356
18847,忠犬八公的故事,5.0,我认识的人越多，我就越喜欢狗。,1,3.2453056488259935
30884,猩球崛起3：终极之战,4.0,温情又悲壮，感人且充满力量。,1,14.87458761305165
28593,潜艇总动员4：章鱼奇遇记,1.0,从来没有看过这么难看的动画片,0,4.610386912453711
31715,生化危机：终章,2.0,真像看了场电子游戏，太程式化了,0,26.119825592051818
47411,阿飞正传,4.0,众多大牌呢。。。你看看都有谁。,1,14.601365041177152
10920,四大名捕,3.0,第3颗星给黄秋生。。。哎。。。,0,60.27173587022742
6817,分手大师,2.0,恩，这片子应该叫《中二接盘侠》,0,10.89203618782279
14610,妖猫传,3.0,英文片尾曲响起的时候我报警了,0,21.85447819922812
12211,大话西游之大圣娶亲,5.0,情爱是一个永远说不完的话题。,1,2.3924452189697583
18881,忠犬八公的故事,5.0,看的时候哭成狗，心痛的不行。,1,3.0505346510295155
20568,房客,3.0,女主颜值加一颗星，故事本身无聊,0,12.52764436503796
3918,五十度黑,1.0,等我被求婚的时候我也要烟花?,0,27.762418139001603
26664,比得兔,1.0,兔子一点都不可爱，简直想掐死,0,6.089888096272286
45216,速度与激情8,4.0,韩和吉赛尔的棺材板都按不住了,1,78.25245120333416
18969,怦然心动,4.0,懵懂的才是这个世界最好的。。。,1,6.837992870664724
10748,嘉年华,5.0,这他妈才是黑处有什么喔，牛逼,1,117.76491787140306
25057,极盗车神,4.0,与其他故事有借鉴，原声加一个星,1,27.79616197605394
14380,如果，爱,2.0,曾经的女神现在演这种狗血剧了,0,13.834463077634869
11114,堕落天使,2.0,开始看就希望快点结束的电影。,0,7.850597458605525
2418,东方快车谋杀案,2.0,太蠢了，不能把侦探一起干掉？？,0,106.21540113137755
46843,闪光少女,4.0,【用尽我的一切奔向你】-周笔畅,1,14.632817244598876
48256,霸王别姬,4.0,哥哥真的让人心疼，电影真的很好,1,3.751499469079098
2436,东方快车谋杀案,2.0,翻拍片，但质量实在是太低了。,0,6.431016737167948
17791,当幸福来敲门,5.0,我相信上帝为我开了很多扇窗。,1,1.9665826679331893
20706,抓住彩虹的男人,1.0,郑爽整容后，每个表情都好奇怪,0,10.454812986101855
32882,盲·道,3.0,其实不错但作为盲系列感觉……,0,38.22646340950626
44119,追凶者也,4.0,最后一段居然是说教，画蛇添足,1,37.57070858940744
25159,极速天使,1.0,各种土。居然林志颖都没帅起来,0,34.607527138480876
32233,疯狂的石头,4.0,那时小的看这片还有些智力困难,1,50.434901229372194
41498,西游降魔篇,4.0,冲着周星驰和黄渤看的还不错吧,1,10.983321170506306
27089,水形物语,1.0,很久没有看到这么恶心的电影了,0,3.265292328362955
46059,铜雀台,3.0,悬疑不够，刺激不够，精彩不够,0,6.228249513261447
47358,阿甘正传,5.0,遇见阿甘一般的男人是一生的梦想,1,12.881276703549002
4054,五十度黑,3.0,霸道总裁人人爱！好看！我喜欢！,0,18.579957877202705
10830,四大名捕,2.0,幸好是下载看的，不知所云的电影,0,59.624807032527286
34018,神偷奶爸3,4.0,萌萌哒，你在这里，不离不弃……,1,2.9536294226954176
25438,检法男女,5.0,2018第一部让我追到天亮的剧,1,18.00002207258462
28379,湮灭,2.0,newagebullshit,0,21991.770108047283
30297,狂兽,2.0,情节过于牵强，动作又有些混乱。,0,8.902559088421773
32033,疯狂动物城,5.0,希望自己也能像朱迪一样吧……,1,5.885949220538881
9160,南极之恋,4.0,“相忘于江湖，不如相濡以沫。”,1,1.4104472138189665
10970,四大金钗,1.0,看到这个组合电影也就不用看了,0,6.4331587119178515
25101,极盗车神,4.0,虽然翻了很多次白眼但还是很好看,1,13.949126314550012
8931,华盛顿邮报,4.0,我们也许也在经历尼克松时代。,1,7.655093590245432
35639,红雀,3.0,反派怎么不去演普京啊，那么像,0,69.04671316873517
7557,剪刀手爱德华,3.0,爱德华是每个人初恋时候的样子。,0,11.198227930172592
44399,逃出绝命镇,2.0,本来期望挺高，实际上漏洞百出,0,6.253050265466945
20496,房客,2.0,只顾自己心机婊，玩弄两男不顾情,0,108.0848885378322
48717,马戏之王,3.0,剧情比较简单，但是音乐非常棒。,0,3.2423879897985635
19138,怪物,2.0,这怪物的形象真是不忍心吐槽啊。,0,3.923386351040656
21803,敦刻尔克,5.0,什么是好电影，这就是好电影。,1,3.397268381376354
30139,犬之岛,4.0,汪星人给现在喵星人主流的反击！,1,18.527165100203646
15894,将军在上之极乐净土,5.0,秋华，等到马上就要得到幸福啦,1,45.73566161164557
7744,剪刀手爱德华,5.0,美好的东西注定只能潜藏在角落,1,2.920985207902605
38412,肖申克的救赎,5.0,逆境中的挣扎在绝望中生出一朵花,1,8.17842658831109
26358,毒。诫,2.0,烂电影？我听过谁说好看来着？,0,8.789329605888168
5344,伯德小姐,5.0,这种青春。你国人只有看的份。,1,43.91755968586854
25742,欢乐好声音,4.0,taron唱歌太jb好听了。。,1,190.73762282164103
39856,萨利机长,4.0,这题材居然舍得平实，毫不煽情,1,76.1820230417492
32432,盗梦空间,5.0,一环接一环，很烧脑，有意思。,1,4.536117862537429
33668,祖宗十九代,1.0,现在当电影导演的要求这么低么？,0,8.072265633962308
36320,缘来是游戏,3.0,故事太平淡无奇，孙坚太妖了。,0,171.75677924065042
6328,信笺故事,3.0,这又是什么让人窒息的真实故事,0,3.003027093212404
37053,美人鱼,1.0,超级无聊的笑点不要出来骗钱了,0,33.668609013754214
34193,神奇侠侣,3.0,最爱小古，你千万别是Y先生呀,0,66.40283847388831
3458,九州天空城,1.0,太辣眼睛，这都是啥，剧情太烂,0,6.998015944627794
40990,西游记之大圣归来,2.0,这就是所谓的划时代国产电影呵呵,0,13.722345519021342
25511,楚门的世界,4.0,我是不是也在楚门的世界活着？,1,9.855407808449737
34188,神奇侠侣,3.0,搞笑小品~很精致~看着舒服~,0,10.000459931036524
11103,堕落天使,2.0,唯一点评：女主角长的不错～～～,0,18.509776128903827
50219,黑色大丽花,1.0,尼玛B又下错了！！！！！！！！,0,26.409987239795793
4282,亲爱的,4.0,确实很感人，也让人感觉好可怕。,1,10.314150408370848
18561,忌日快乐,3.0,电影可以重来，但生活没有彩排。,0,9.327081437369268
4449,亲爱的,5.0,真没哭，但觉得很好，有点意外,1,8.949004352535855
47090,阿凡达,5.0,天空之城+幽灵公主+魔兽世界。,1,6.67438483699887
16671,帕丁顿熊2,4.0,温馨的片子～可以欣赏伦敦风景～,1,18.44994875446803
21892,无极,1.0,当年最搞笑的科幻动作剧情惊悚片,0,8.03617789366839
45250,邪恶,1.0,内容铺设的太慢，烂片儿一部。,0,323.1711893672979
18697,忠犬八公的故事,3.0,是不是应该集结动物们来看一下？,0,6.097408732591087
2928,临时同居,1.0,ab为什么要演这么一个角色？！,0,7.437005824137574
36776,罗曼蒂克消亡史,5.0,我有时会想起你，你应该在北方。,1,3.6966567285115763
42687,赏金猎人,1.0,呵呵呵呵呵呵呵呵呵呵呵呵呵呵呵,0,1.358583751450368
26333,毒。诫,2.0,好久没看过这么难看的港片了。,0,4.995234602852675
19866,我是你妈,3.0,名字取得不好，差点没看，还行吧,0,15.12732500098719
16604,帕丁顿熊2,4.0,《帕丁顿熊2：布达佩斯大饭店》,1,214.1460711797077
26177,残酷饭店,2.0,好吃不过饺子，哈哈哈比A片好看,0,13.04412234605751
38551,自杀小队,3.0,最后的决战跟《盗墓笔记》似的。,0,5.589189203042544
43455,过年好,3.0,大排演员挺多的，编的很90后,0,78.93315738131845
6592,僵尸日记2,2.0,第3視角拍起來真是模糊難懂阿,0,71.08519129800581
26989,气喘吁吁,2.0,其实我想看集体退场是个怎样场面,0,20.158949822427694
16014,小丑回魂,4.0,小丑恐惧症就是这么得上的吧？,1,13.852771321453803
39147,致我们终将逝去的青春,2.0,明显郑恺比赵又廷好多了啊！！,0,15.279602169879283
12950,失恋33天,3.0,Whendoesitend?,0,6209.433879648455
28884,灵魂摆渡·黄泉,4.0,女主的演技把男主秒的渣都不剩。,1,9.881891640716756
21758,敦刻尔克,4.0,空军稳如老狗，海军慌的一匹。,1,235.0651588380328
27397,泰坦尼克号,5.0,太经典了，不知道多少年前看的了,1,5.092704747540525
20505,房客,2.0,"姐弟乱伦片,冲女主颜值多给一星",0,218.53720193208
22371,星河战队2：联邦英雄,2.0,全片就讲了一种新虫？坑爹啊你,0,199.73248436654316
4290,亲爱的,4.0,终究还是被结尾真实影像戳中泪点,1,16.33332374490231
15892,将军在上之极乐净土,5.0,秋华来了，属于她的幸福也到了,1,12.323007049666385
27786,温彻斯特,2.0,只有jumpscare。。。。,0,367.3729129844505
1491,七月与安生,4.0,两个女仔，一个不怂，一个也不怂,1,7.905816105839853
47544,阿飞正传,5.0,很棒，好看，看后心里面很舒服,1,10.703758508926649
34603,神奇女侠,4.0,前面的故事是真人版moana,1,89.77218682711036
17687,当幸福来敲门,4.0,总会找到一个上帝，端坐天堂。,1,11.322461084076009
7737,剪刀手爱德华,5.0,爱德华脆弱伤心的眼神看着难过,1,15.476105880758347
8311,动物世界,5.0,毫无疑问的五星，看的太爽了！,1,7.452541088848736
27282,水形物语,5.0,我也愿意敬会治脱发的怪兽为神,1,46.09679054980775
37159,美人鱼,4.0,周星驰版下水道美人鱼，笑中带泪,1,20.94844722010365
22351,星河战队2：联邦英雄,1.0,这个系列的2和3要比比谁更烂,0,11.074977500075715
42411,请以你的名字呼唤我,5.0,我们不再拥有一种热烈的心碎。,1,18.67510829296478
37577,羞羞的铁拳,2.0,说实话，不好笑而且充满算计。,0,14.669275109326025
23773,暴裂无声,5.0,我想看着这部电影的评分慢慢变高,1,4.1377130140600755
16177,小混混们的战争,1.0,能让我这么浪费时间的人不多了,0,6.176310870285745
29302,燃烧,5.0,意识流，刘亚仁的演技就值五星了,1,133.59382647584437
14469,如果，爱,3.0,题材布景穿着都能看出历史感了~,0,83.27858689585358
44516,逃出绝命镇,4.0,女主角真漂亮，难怪用来钓鱼呢,1,8.354653576113806
47125,阿凡达,5.0,特效震撼，一场完美的视听盛宴。,1,4.275213109986002
47774,降临,5.0,文科生拯救世界！就凭这，五星！,1,37.089775261217866
28616,潜艇总动员4：章鱼奇遇记,1.0,就算是小孩子也说不想看了的电影,0,14.30949729813525
15883,将军在上之极乐净土,5.0,女主倒是不错很好看，演戏在线,1,90.96939447797841
40500,血欲,3.0,美人迟暮，没了花与蛇时的惊艳,0,64.209122890564
36608,罗曼蒂克消亡史,2.0,本来还好的，作过头就不好了。,0,28.293203099775713
48609,飞屋环游记,5.0,我爱皮克斯啊啊啊啊啊啊啊啊~,1,8.37598179889664
35386,红海行动,3.0,真的就不咋的阿...挺假的--,0,37.300942073749255
39054,至爱梵高·星空之谜,5.0,还好。在世的时候也被人深爱着。,1,10.627523416271243
15847,将军在上之极乐净土,1.0,哎为了我的秋华_(:з」∠)_,0,12.744787710951197
6668,僵尸英雄之魔王与公主,5.0,对僵尸有了新的看法哈哈哈搞笑~,1,7.365023957055731
50548,龙威父子,1.0,年轻不懂事的时候看过。。。。,0,8.636108106366564
14495,如果，爱,5.0,张柏芝真的太美了，盛世美颜啊！,1,4.321814982747567
37456,美女与野兽,4.0,餐桌那段我的内心os：好烧钱…,1,60.83069709302952
4773,人再囧途之泰囧,5.0,笑到眼泪都出来了！！！！！！,1,4.898460318659107
9866,后会无期,5.0,作为处女作，实在是难得的公路片,1,8.62935293744133
36330,缘来是游戏,3.0,陈勋奇也拍这种老套的喜剧片。,0,38.14768806479814
36524,缝纫机乐队,4.0,为摇滚乐推荐，至少这是电影。,1,7.029038868290488
22067,无极,5.0,这是神作!!都是因为你们看不懂,1,7.292841440358713
26169,残酷饭店,2.0,八仙人肉馅+阴唇包饺功【4】,0,118.45086366851268
32166,疯狂的石头,4.0,国产片拍到这个程度真的很不容易,1,8.656295196340803
3571,九州天空城,3.0,宣传那样除了画面还有哪能看了？,0,32.91678191886046
13098,失恋33天,5.0,我觉得我需要王小贱这样的男人,1,5.26549279910678
41062,西游记之大圣归来,4.0,大圣好可怜的你们为什么都欺负他,1,19.74561836037545
23577,暴裂无声,1.0,除了想法，没有别的了。难看。,0,14.33488502063531
46597,长城,1.0,电影挺不错的啊，给一星没毛病。,0,16.84421516976942
4539,人世下游,2.0,艹，我竟然看完了，狗比人好看,0,10.286855002971249
4298,亲爱的,4.0,觉得几位主演都好棒！片尾哭瞎。,1,32.400155187930864
35920,绑架者,3.0,第一次觉得徐静蕾拍的片能看.,0,25.687882565923786
1817,三生三世十里桃花,1.0,为抄袭大作贡献自己的一星不谢,0,23.850994836343176
30582,狂暴巨兽,3.0,环太平洋全自动化口头指挥版……,0,31.228266160010705
22364,星河战队2：联邦英雄,2.0,与第一部比这一部完全就是垃圾。,0,8.485633797483356
30331,狂兽,2.0,辜负了我当初的期待，太一般啦！,0,7.007733073647703
12634,天才少女,4.0,我们家美国队长演什么都好看！,1,21.974039152908
26462,比利·林恩的中场战事,2.0,平庸、无聊、恶俗的一塌糊涂。,0,12.242967964823432
7338,前任3：再见前任,1.0,前你全家啊前前前，没完没了还,0,37.34320810216303
11821,大内密探灵灵狗,3.0,看看吴君如就好，其他人一律屏蔽,0,7.6911072238990235
3520,九州天空城,2.0,张鲁一为啥那么想不开这个造型,0,17.572408490236587
25264,极速天使,2.0,林志颖真的已经38了么？？？,0,20.072114636018096
27470,泰坦尼克号,5.0,简直影响了我前二十年的爱情观,1,12.614905768653223
28239,湄公河行动,3.0,这种毫无节奏的动作片真是够了,0,11.053260914188463
31872,生化危机：终章,5.0,其实我觉得女主别复活比较完美,1,22.519988276912283
19566,我不是潘金莲,5.0,冷幽默，不过现实里不可能的事,1,6.742105393744154
7291,前任2：备胎反击战,3.0,郑恺真的太适合演喜剧片了哈哈,0,8.27851807921029
10505,喜欢你,4.0,新东方女厨师强力征服霸道总裁,1,5.023231104305914
33588,睡在我上铺的兄弟,3.0,陪老婆看的，消磨时光还可以。,0,17.98636735622285
5638,佩小姐的奇幻城堡,3.0,故事发展有点弱了，演员都不错。,0,26.54271290235775
20685,抓住彩虹的男人,1.0,没有一个角色合适，看得尴尬。,0,9.043069860371306
49235,骨妹,4.0,你替她做了你认为对的选择……,1,6.518049228765259
24584,机器人总动员,5.0,2008:太空漫游结尾很迪斯尼,1,43.259419747574654
20828,抓住彩虹的男人,4.0,传统的剧情可是最后居然被感动了,1,9.526083717831083
22521,星球大战8：最后的绝地武士,2.0,letthepastdie.,0,5237.022087764216
3586,九州天空城,3.0,自带槽点。这妖艳贱剧不一般。,0,78.60011231113637
31295,王牌特工2：黄金圈,3.0,剧情这一次幼稚到我一脸懵逼。,0,20.673269805400334
28400,湮灭,2.0,真的不喜欢如今软科幻的发展方向,0,14.39764273462238
27925,温彻斯特,4.0,三星半，挺恐怖的，对我胃口！,1,20.05253989868333
18688,忠犬八公的故事,3.0,一种类型片叫不哭死不让出电影院,0,110.64721623639359
44769,逆光之恋,3.0,颜值赞，剧情无语，可惜了这颜值,0,22.027123183978873
20774,抓住彩虹的男人,2.0,郑爽，你电影学院怎么毕业的？,0,8.907516032723777
21982,无极,2.0,随着时间的推移就不是烂片了？,0,7.602235366777968
15884,将军在上之极乐净土,5.0,希望秋华和许多化两人能相惜相依,1,146.90539327269056
9031,南极之恋,1.0,营销号真情实感的骗人，不好看。,0,53.117976960709946
3645,九州天空城,5.0,这个妖艳贱货看久了居然觉得好萌,1,6.789781787309815
31893,疯狂动物城,2.0,感觉这个片的白左癌非常严重啊。,0,49.72773540143566
31028,王牌保镖,2.0,明明听说很好笑的。又冷又尬。,0,38.35560927211044
16327,小谢,3.0,54给最后的蜡笔涂鸦三颗星星！,0,61.62948637197793
31615,环太平洋：雷霆再起,4.0,主题曲响起的时候还是被燃到了,1,16.132085069711444
33122,相爱相亲,5.0,“以后不许王太太坐这个车子！”,1,11.915834814724736
28044,游戏之夜,3.0,还行啦，一些无伤大雅的玩笑。,0,48.4168975653859
36759,罗曼蒂克消亡史,5.0,一个体面人拍给体面人看的电影,1,3.4775413137820173
6755,分手大师,1.0,现在电影演员的钱太好挣了………,0,3.917077665354455
9164,南极之恋,4.0,也只有极地才会发生这样的爱情。,1,8.489000575333845
31407,王牌特工2：黄金圈,4.0,手法老练，第一部真的难超越了。,1,57.822588512283644
10293,唐人街探案2,4.0,请不要让庸俗段子毁了这一系列,1,5.624961377687984
13186,头号玩家,4.0,别的不说了就想问什么时候能玩上,1,9.135039124264557
43431,过年好,2.0,赵大叔的温情戏确实这次差了点。,0,19.189615283264196
21699,敦刻尔克,3.0,诺兰全面向斯皮尔伯格靠拢的一役,0,25.84199995244441
11235,夏洛特烦恼,2.0,为什么这么烂，却这么多人叫好,0,3.508899875978876
19877,我是你妈,3.0,小成本国产电影，希望继续加油吧,0,12.262885168251268
38836,至暗时刻,5.0,电影院版的唯一缺憾是翻译质量,1,4.395986048948822
24082,月光男孩,1.0,怎么可以战胜爱乐之城？？？？,0,5.660081987502816
5114,伊凡王子与百变公主,5.0,想来是由纸雕爱上他withbb,1,1381.5878838968997
48385,霸王别姬,5.0,最牛逼最好看的一部中国好电影。,1,6.343829372672
28949,灵魂摆渡·黄泉,5.0,哇塞，中国式的神话故事，我喜欢,1,12.807735067509094
44763,逆光之恋,3.0,短番泡面剧，看得有点欲罢不能,0,44.00380930778818
26256,毒。诫,1.0,我想看十大杰青如何混黑白两道.,0,47.12564273264464
21914,无极,1.0,绝对史上坑爹之作！没有之一！,0,13.229049326641478
21294,摆渡人,1.0,已经3.7了简直不忍心打一星,0,11.6609791586511
25811,欢乐好声音,4.0,生活到低谷，那就绝地反击吧！,1,4.305886079596147
36740,罗曼蒂克消亡史,4.0,章子怡就是为电影而生，没话说！,1,5.60429188172859
9890,后会无期,5.0,韩式幽默+韩式叙事，动人又轻松,1,9.473684933888011
18000,微微一笑很倾城,4.0,作为一个玩家来说还是挺好看的,1,5.007347424152659
3949,五十度黑,2.0,可怜的女主，屁股都快被捏烂了,0,17.36701864663246
42337,请以你的名字呼唤我,4.0,插水果，你要喊蔡明亮一声爸爸。,1,18.3565046399834
45393,邪恶,3.0,其他活下来的几个竟然都是处子,0,12.482477527356702
47040,阿凡达,4.0,经典在于特效技术里程碑式的突破,1,11.362905012323914
13001,失恋33天,3.0,还算让我感觉没后悔去看的国产片,0,9.621532589147666
45894,铜雀台,1.0,刘亦菲最近也开始频繁接烂片了,0,10.684296492190168
45120,速度与激情8,3.0,情节很燃，只不过剧情看看就好,0,16.364253955290966
26003,正义联盟,3.0,打不赢敌人就去开个超人外挂……,0,14.212407833107624
34025,神偷奶爸3,4.0,还行吧，蛮可爱的。不如前两部。,1,14.809715728731277
48650,飞屋环游记,5.0,虽然想想很脑残但还是很感人啊。,1,25.169400730727407
8805,北京遇上西雅图,5.0,对照第三稿剧本，重看第五遍。,1,72.50189044203209
49953,黑暗塔,1.0,不好说啥0亮点催眠神器lol,0,86.63135488138046
5983,侏罗纪世界2,3.0,老是撞在柱子上的那只龙好可爱,0,15.65910429037793
34065,神奇侠侣,1.0,好无聊，wasteoftime,0,269.0472830062661
19658,我想结婚的时候你在哪,1.0,看过的最烂的片子，没有之一！,0,3.4901450279067054
11076,堕落天使,1.0,谷阿莫！快看！这里真的有天使！,0,9.310195461772967
5342,伯德小姐,5.0,说不清是什么，就是很酷很过瘾。,1,6.320098340936219
4506,人世下游,1.0,我真后悔……我快进拉到最后了～,0,12.621013874670055
18274,心理罪之城市之光,1.0,阮经天cos陈可辛可真像啊…,0,476.0599041134239
25892,正义联盟,1.0,dceu正在上演上帝已死的惨剧,0,26.33738282093671
48546,飞屋环游记,4.0,陪小朋友看，结果自己太感动了。,1,8.612977894113575
5777,侏罗纪世界2,1.0,作逼龙奴如同失心疯爱狗人士。,0,303.0148223483594
31349,王牌特工2：黄金圈,3.0,论西装还是丹尼尔·克雷格最有型,0,32.909395864087635
10759,四大名捕,1.0,其实可以更差的。。。。。。。,0,11.593425390067479
29842,爱情真善美,1.0,我居然脑残的追着快进完了。。,0,43.43001732663532
35791,绑架者,1.0,铁打的黄立行流水的烂片灾难之作,0,203.71961004003353
16938,幕后玩家,5.0,一出绑架幽默背后人心人性的救赎,1,72.21206540113607
10667,嘉年华,4.0,电影足够好了，世界足够糟了。,1,9.432596023035668
28078,游戏之夜,4.0,反转太多了吧，瑞秋还是那么美,1,41.76927234316238
20257,战狼2,1.0,中国狗不咬中国人，还敢拦水箱,0,44.103622359834254
39811,萨利机长,4.0,无情的嘲讽了所谓“人工智能”,1,6.25343209219511
16642,帕丁顿熊2,4.0,如此迅速的致敬水形物语（微笑,1,61.83697798962253
47709,降临,4.0,有点纠结外星人为什么是纯墨鱼！,1,55.72253081812011
25434,检法男女,4.0,很好看啊，不知道为何评分这么低,1,4.292202946956803
38061,老炮儿,5.0,太爱了冯导简直是我这段时间偶像,1,17.79286802759846
33092,相爱相亲,4.0,爱是走向彼此，不是等对方走近,1,13.805248170586935
33648,祖宗十九代,1.0,应该是“全明星整容”了。。。,0,19.62943652614833
15499,寂静之地,3.0,所以你们为什么不住在瀑布旁边？,0,11.650492389852985
16823,幕后玩家,2.0,电锯惊魂七宗罪狙击电话亭粗搭。,0,147.22075043671688
49907,黑天鹅,5.0,完美不是控制出来的是爆发出来的,1,5.390075320738471
22491,星河战队2：联邦英雄,4.0,情节可以，比很多国产脑残强多了,1,23.129852458485338
23892,暴雪将至,3.0,音效惊人，期待导演来一部恐怖片,0,10.481105430122435
33606,祖宗十九代,1.0,一星都不想给，歌曲还涉嫌抄袭,0,15.553120352507921
24548,机器人总动员,4.0,很感人，但不希望有这样一天到来,1,9.058537814641618
14308,如果，爱,1.0,张柏芝越来越难看了，演技也很差,0,2.958086629435529
44950,通勤营救,3.0,这列火车有妖气，沃伦夫妇如是说,0,38.676510016704796
5498,佛罗里达乐园,4.0,这才是打开现实生活的正确方式。,1,2.960588423728366
42017,让子弹飞,5.0,这就是一部牛逼的电影，而已！,1,2.473803114641378
48016,隐藏人物,5.0,飛機上無意看到的，真的感動。,1,5.261626301852958
12190,大话西游之大圣娶亲,5.0,因为你还没有遇到给你三颗痣的人,1,5.0870301637152755
12418,大话西游之月光宝盒,5.0,它是来谈情的，不是来搞笑的。,1,4.921738267450936
37920,老炮儿,2.0,这点破事儿至于吗老戏骨们真棒,0,36.943736513420696
50225,黑色大丽花,1.0,怎么下成这个版本。。。去你喵的,0,100.90246389988641
22143,无问西东,2.0,这…配乐可能用了上百首曲子吧,0,5.423011954920416
1666,三块广告牌,4.0,匹夫之怒，也可以改变自己的世界,1,17.029972224497946
9671,古墓丽影：源起之战,5.0,比黑豹好看多了仿佛在玩ps5,1,25.33688709550453
10822,四大名捕,2.0,嗯………………到底电影想说什么,0,7.2362843061602495
44187,追龙,2.0,对不起我心中的跛豪只有吕良伟,0,75.37064354736302
10914,四大名捕,3.0,片子2颗星，加演员三颗星。。,0,53.437283420097344
44479,逃出绝命镇,3.0,這故事告訴我們的交女朋友請慎選,0,19.630452841490907
6542,僵尸日记2,1.0,这是我第1次给一部僵尸片评一星,0,8.172792186194956
27408,泰坦尼克号,5.0,年轻的小李子太帅了！简直神颜！,1,21.796448576222314
44635,逆光之恋,1.0,我的天，这种东西真的有人跑去拍,0,11.985447987112545
30194,犬之岛,5.0,太好看了吧，在电影院里默默流泪,1,4.47784556988143
15827,寻梦环游记,5.0,皮克斯就是他妈的世界的主宰！,1,20.353326407470085
30988,玉米地的孩子:起源,2.0,看完过来找豆瓣，豆瓣也没弄明白,0,9.921328969624147
17821,当幸福来敲门,5.0,要相信幸福总会来的，只要你坚持,1,1.6043163659074526
17715,当幸福来敲门,4.0,等幸福来敲门吧(??.??),1,4.727477874514052
46111,银河护卫队2,3.0,“跟养父相比，亲爹是个球。”,0,17.904257388992402
13075,失恋33天,4.0,过去的别太在意该怼的就怼回去,1,7.847620482089171
13037,失恋33天,4.0,小清新，台词有亮点，超出预想哦,1,10.211318814886635
12577,天才少女,4.0,╭(°A°`)╮逆天的萝莉睫毛,1,11.6192398120115
16887,幕后玩家,3.0,觉得还行，本来就是见仁见智，,0,6.516928093900914
35008,移动迷宫3：死亡解药,2.0,（5.0）谢天谢地，结束了。,0,4.948158582438946
10311,唐人街探案2,5.0,春节笑一笑就是喜欢看昊然弟弟,1,119.08383458479132
11942,大护法,4.0,“为什么太阳这么红还是这么冷”,1,3.492920686955921
30009,爱情真善美,4.0,结局很幸福很幸福很幸福!!!,1,4.408577801410089
12607,天才少女,4.0,好喜欢夕阳下两人互动的剪影。,1,3.386646364088872
8591,化妆品战争,2.0,没有任何看点的一部无聊电影。,0,3.171715588382002
11096,堕落天使,2.0,全世界的天使都藏在一个学校吧…,0,15.463285872249456
7126,前任2：备胎反击战,1.0,只配被评论烂到极点四个字……,0,21.62883412181915
42767,赏金猎人,2.0,本片属于一个精心包装过的烂故事,0,8.004446283817144
48009,隐藏人物,5.0,至始至终都仰着头喜欢这个态度,1,10.919076293665265
13988,女子雇佣军,1.0,好像是花几百块钱拍出来的电影。,0,3.511685229434294
24043,最完美的女孩,2.0,怎么感觉和《你好，疯子》雷同,0,9.020765939833838
21782,敦刻尔克,4.0,逃离的，是战场。家，才是一切。,1,15.025880326516832
9954,后来的我们,2.0,别再让田壮壮写信了小心脏受不了,0,170.82388842546484
21243,摆渡人,1.0,一群智障看得想哭，心疼男神。,0,14.236454939449365
38811,至暗时刻,5.0,Gary终于成了oldman,1,47.38777165507879
3589,九州天空城,3.0,讲道理，张若昀看久了真的很帅,0,7.495953893116843
32333,盗梦空间,3.0,看到最后感觉自己都出现幻觉了,0,1.827391277430078
21340,摆渡人,1.0,滚！好想给张嘉佳寄一坨狗屎。。,0,34.11423994504421
33346,看不见的客人,5.0,反转反转再反转，刺激又过瘾！,1,3.7806922542282155
6669,僵尸英雄之魔王与公主,5.0,比想象的好多了，向一眉道长致敬,1,26.29061806477029
34587,神奇女侠,4.0,4.8……结尾剧情扣分！扣分！,1,4.937678771973534
8089,加勒比海盗5：死无对证,4.0,能看到黑珍珠号重返大海就很好,1,11.141846414060744
27781,温彻斯特,2.0,冲着女王看的，结果平庸得一逼。,0,47.6710878792003
17678,当幸福来敲门,4.0,"希望在明天,但之前一定要努力",1,6.54392294508987
7806,功夫瑜伽,1.0,逻辑感人，智商感人，莫名其妙,0,5.768028071003752
20607,房客,3.0,还骨科了一下，女主恐成最大赢家,0,40.465226492504726
24678,机器人总动员,5.0,瓦力太可爱了吧！！！萌屎了！,1,89.97820264482286
47129,阿凡达,5.0,看了三遍啊……画面巨给力啊……,1,11.874644852251613
36148,绣春刀II：修罗战场,5.0,接盘狂魔沈炼，结尾崩了可惜了,1,228.9466608660648
17750,当幸福来敲门,5.0,典型美国人电影，美国人，美国。,1,19.636141892249956
42830,赏金猎人,3.0,用心良苦却成空，速度啊速度~,0,55.986006761962024
39635,英伦对决,4.0,很不错的政治惊悚片，冷冽肃穆,1,10.48798701793196
15804,寻梦环游记,5.0,我相信终会有一天我们还会再相见,1,2.426373049820647
49054,驴得水,5.0,喜欢。但是，好像不是喜剧片。?,1,11.212282622854644
4716,人再囧途之泰囧,4.0,挺好笑的电影，很适合的贺岁片！,1,9.867882643973628
10496,喜欢你,4.0,周冬雨，华语影坛第二个张曼玉！,1,9.369674473813424
42198,记忆大师,4.0,特别想吐槽花房那个人像！！！,1,89.3462672320948
22681,星球大战8：最后的绝地武士,5.0,It'snowornever,1,3156.8085171854673
24691,机器人总动员,5.0,真的太喜欢这部动画片了陪伴与爱,1,8.114313695693324
17386,异形：契约,5.0,愚民要是赢了我最多给三星老哥稳,1,324.53066649629466
11156,堕落天使,3.0,其实还不错啦，评分这么低……,0,13.701216725835609
45234,邪恶,1.0,2013.8.22。差评……,0,79.99154937711845
12205,大话西游之大圣娶亲,5.0,小时候看着笑，长大了看着哭。,1,1.6678430265313127
32455,盗梦空间,5.0,大概广电局也不知道该从哪里剪,1,38.61609091252643
6469,信笺故事,5.0,完成度非常高，令人不寒而栗……,1,6.306846732705823
30631,狂暴巨兽,4.0,特效場面做的很棒！滿刺激的喔,1,89.92179266331576
17045,平壤之约,1.0,"有义务打一星有辱""电影""二字",0,55.588217836618014
14521,妖猫传,2.0,又一部无极式大型跳大神晚会。,0,193.1039206732546
28500,湮灭,4.0,外星兄dei，手捧雷了解一下！,1,249.4713807276177
36223,缘来是游戏,1.0,没有更烂，只有最烂，浪费生命。,0,4.372345949231236
5708,佩小姐的奇幻城堡,4.0,好喜欢好喜欢好喜欢那个傀儡师！,1,16.89583983614625
21585,攻壳机动队,4.0,哎我覺得沒你們說得那麼糟啊？,1,6.469141031274146
16716,帕丁顿熊2,5.0,太好看了吧，电影真是造梦机。,1,28.782795587326696
25012,极盗车神,3.0,自带歌单的飞车强盗青春偶像片。,0,47.160117419065124
11736,大内密探灵灵狗,2.0,呃呃。。改良。。各种改良~~,0,5.34690676236962
35401,红海行动,4.0,不用恶心人也能干干净净拍撤侨。,1,79.26026121607165
12416,大话西游之月光宝盒,5.0,大话西游是一代人心中的经典.,1,6.609219912849941
36426,缝纫机乐队,2.0,说实话也就膜拜下娜扎的颜了。,0,12.254793570757773
39023,至爱梵高·星空之谜,5.0,在黑白的人生里画最明媚的色彩。,1,28.533493307247625
14387,如果，爱,2.0,看了一集，感觉套路很似曾相识啊,0,17.56246899672826
1541,七月与安生,4.0,挺好看的，男的确实存在感很弱。,1,16.6507840956574
41018,西游记之大圣归来,3.0,导演是个好影迷，却是个烂编剧。,0,14.920961049159025
49385,高跟鞋先生,2.0,我家FiFi演技真是越来越渣,0,282.8605296885399
42443,请以你的名字呼唤我,5.0,苦等一年就是为了变弯的这一天,1,37.81838694072738
36336,缘来是游戏,4.0,很喜欢这部电影，出乎意料的赞！,1,2.4292328152352574
39535,英伦对决,3.0,开头复仇很有看头后面整个就崩了,0,83.10148979030042
7237,前任2：备胎反击战,2.0,郭采洁还可以。其他乏善可陈。,0,28.9974648652655
23327,星际穿越,5.0,看完没人起立鼓掌，因为全跪着。,1,25.547628415052834
38114,聊斋系列之桃花劫,1.0,人类已经无法阻止CCTV6了。,0,36.42292046473156
42594,谍影重重5,4.0,少了一些亮点，仍然值得一看的。,1,4.72551545182872
35733,红雀,5.0,要做第二个斯嘉丽约翰逊吗？！,1,68.23588321734876
10965,四大金钗,1.0,很烂的片。。。MYDOG。。,0,133.88568382926752
30930,玉米地的孩子:起源,1.0,一颗星给那个俄罗斯女人的身体。,0,9.970837816771049
2483,东方快车谋杀案,3.0,太平庸了德普在海报最大纯属骗钱,0,647.4483712481834
1361,七宗罪,5.0,里面的布拉德皮特帅的掉渣……,1,36.26208091243137
49242,骨妹,4.0,原来过得很快乐，只我一人没发觉,1,20.781336191410585
10950,四大名捕,5.0,嗯。秀波叔叔演技不错滴。^^,1,21.94456831468521
35020,移动迷宫3：死亡解药,3.0,全片最精彩的部分居然是开头……,0,5.211359186149742
27082,水形物语,1.0,THISISSOBORING.,0,2200.606976365515
22279,无问西东,5.0,谢谢你，我人生中宝贵的一课。,1,4.755868890661306
12089,大话西游之大圣娶亲,3.0,我对周星驰的片子完全免疫=。=,0,4.058204736625688
33956,神偷奶爸3,3.0,老套路。小黄人还是依旧欢乐！！,0,26.67971978002467
15504,寂静之地,3.0,最后怪物能被爆头真的是败笔啊。,0,79.2840333081738
13112,失恋33天,5.0,黄小仙儿你就是我的精神导师！,1,7.011735959541816
16581,帕丁顿熊2,3.0,我长大了，还是更喜欢泰迪熊…,0,12.877231388309902
18698,忠犬八公的故事,3.0,确实感人，不过也就是感人而已,0,5.9520543654679665
35230,第七子：降魔之战,3.0,剧情俗套。其他还好，很刺激。,0,35.57526381233188
10897,四大名捕,3.0,应该还会有第二部的吧。。。。,0,5.171240040754041
31940,疯狂动物城,4.0,在网上看过，很萌很搞笑，喜欢?,1,5.405723726480047
45331,邪恶,2.0,几乎可以说，，看过后都会吐槽把,0,57.37480360633186
12597,天才少女,4.0,唯愿孩儿愚且鲁，无灾无难到公卿,1,382.6795777367299
5746,佩小姐的奇幻城堡,4.0,还是这货的哥特风童话看起来带劲,1,106.6133668180434
46579,长城,1.0,我觉得还是这个分数更适合它。,0,5.275576881679535
32193,疯狂的石头,4.0,搞笑够疯狂黄渤从这电影里出来,1,11.462307984485749
17091,平壤之约,1.0,除了打出一星，我什么也不想多说,0,13.10466601483351
47930,隐藏人物,4.0,相比月光男孩，还是更喜欢这部。,1,28.289841022211274
2667,中国合伙人,2.0,就是特别地不舒服，说不清为什么,0,3.527260254975776
24535,机器人总动员,4.0,好可爱啊陪伴才是最长情的告白,1,6.026054065676047
24008,最完美的女孩,1.0,可怕，能做到如此尴尬也是不容易,0,5.107902469619895
41205,西游记女儿国,1.0,求求各路导演了，放过西游记吧！,0,7.960094188139507
28103,游戏之夜,4.0,我个人觉得最出彩的居然是配乐。,1,4.041557210557846
29018,燃烧,2.0,这些短评写的可真是出神入化啊,0,13.469937844660771
44611,逆光之恋,1.0,剧情和迪丽热巴真的都满是槽点,0,26.174432220974918
16147,小姨子的梦,4.0,从头到尾的性爱，重头到尾的梦,1,17.979580599032623
14989,妻子的秘密,1.0,我去年买了个登山包。。。。。,0,3.789521212359427
46990,阿凡达,4.0,一个世界在等待……静候山口山,1,22.259325577735748
4237,亲爱的,4.0,最后和青山兄弟那一笔确实过了。,1,34.25922416804912
18792,忠犬八公的故事,5.0,催泪弹什么的最讨厌了T——T,1,15.675374162641143
44008,追凶者也,3.0,年度最佳台词“XXX大粑粑”,0,24.506197383003403
41145,西游记之大圣归来,5.0,诚意之作，制作团队是群会玩的。,1,45.24522488845741
36644,罗曼蒂克消亡史,3.0,导演驾驭故事的能力太自我过高了,0,26.223409251107334
41501,西游降魔篇,4.0,周星驰客串的到底是谁？？？？？,1,3.0567834189636423
49187,骨妹,3.0,没有特别的新意，处女作还行。,0,10.911870098158731
37890,羞羞的铁拳,,马丽艳光四射，超越了女星的美。,0,11.969677694530857
25288,极速天使,2.0,碰上小马哥，真是苦了这三位了。,0,29.505398161015396
21374,摆渡人,1.0,豆瓣网友是全世界最正义的网友,0,8.06935359982399
18596,忌日快乐,4.0,《土拨鼠之日》+《毛骨悚然》,1,50.57975138726838
50321,黑色大丽花,5.0,高中还是初中看的，觉得好好看,1,16.23964988844837
27865,温彻斯特,3.0,凑合能看看，放在十几年前还可以,0,31.37848041220691
11442,大佛普拉斯,3.0,好看的都是嘴炮，叙事全靠旁白。,0,11.789152557004664
7482,前任3：再见前任,3.0,没哭点啊，女主整容太明显了。,0,17.882226333646567
1893,三生三世十里桃花,1.0,杨洋好帅，亦菲好美，电影好烂。,0,7.042927980879242
32440,盗梦空间,5.0,人在梦境里会放下所有的心防。,1,10.927979860747545
12645,天才少女,4.0,普通（素质）教育VS精英教育。,1,8.740337769474952
40676,血观音,4.0,第54届台北金马影展最佳剧情片,1,3.1868165278241563
5764,佩小姐的奇幻城堡,5.0,控制傀儡的男孩太像吴亦凡。。。,1,24.792961503947872
40797,西游伏妖篇,2.0,只有王丽坤和她两个闺女那段能看,0,29.473392876494078
41151,西游记之大圣归来,5.0,这一次，我们都是猴子请来的救兵,1,11.130287876069684
40595,血观音,4.0,一定要活的像人样三代人都不像人,1,11.491463042623371
41968,让子弹飞,5.0,一部充满黑色幽默的搞笑电影。,1,2.339277840902385
7947,加勒比海盗5：死无对证,2.0,这系列没救了，什么影帝都没用,0,18.48551059877246
30008,爱情真善美,4.0,看了才知道是陈楚河，有点无语。,1,15.366553027993884
43142,辛德勒的名单,4.0,本来是五星，看到末尾变成四星了,1,10.432264979535933
44011,追凶者也,3.0,张译演技真好，可惜剧本没写好,0,7.9079751222970405
43085,超时空同居,4.0,雷佳音，怎么可以这么逗。哈哈哈,1,10.971408473766672
43334,过年好,1.0,太他妈闹腾了，什么鸡巴节奏。,0,39.66015701875092
43637,这个男人来自地球：全新纪,2.0,菲利普就是宗教洗脑的典型~~~,0,6.9383771286833325
42626,谍影重重5,4.0,短评居然写不下。。。呆萌多一星,1,139.22388250381414
12587,天才少女,4.0,侄女太漂亮了！不知道长大得多美,1,22.96228290918726
40050,蜘蛛侠：英雄归来,4.0,太可爱了，超能男子高中生的日常,1,12.109182835353
47187,阿甘正传,4.0,努力付出的人有回报永恒的经典,1,6.366113627513576
28179,湄公河行动,2.0,电视剧手撕鬼子，电影手撕毒贩！,0,7.90148405229726
22887,星球大战外传：侠盗一号,5.0,冲锋队的射术还是原汁原味………,1,15.869849410119917
20838,抓住彩虹的男人,5.0,反正追了两天居然觉得看得下去呢,1,12.551165288132868
21313,摆渡人,1.0,我忘记了以前看过的所有烂片。,0,3.2861923235791597
6314,信笺故事,3.0,揭开儿童与成人所谓恋情的遮羞布,0,8.31948923950938
9193,南极之恋,4.0,略科幻，生存不易，爱在坚持。,1,14.795393468673462
21016,捉妖记2,1.0,你以为我看不出来这是摆渡人2吗,0,25.082141134980887
33309,看不见的客人,4.0,结局反转太精彩了，值得推荐。,1,7.146127710172658
1870,三生三世十里桃花,1.0,我错了！我怎么会来看这种垃圾！,0,4.672617750007128
9641,古墓丽影：源起之战,4.0,很刺激的一步电影女主角很勇敢,1,7.657073659015812
5045,伊凡王子与百变公主,4.0,四个寓言小故事，简单也有意思。,1,5.962460358794483
15168,嫌疑人X的献身,2.0,偶像们，能不能不端着，说人话？,0,26.366567230129256
1340,七宗罪,5.0,结局真的很惊人。惨绝人寰……,1,11.575912217036535
5908,侏罗纪世界2,3.0,怎么好像是第一集又拍了一遍？,0,20.25229312803773
12942,失恋33天,2.0,真他妈难看，亏你宣传得那么好。,0,27.929020527733904
43131,辛德勒的名单,4.0,很感人尤其是那种绝处逢生的感觉,1,9.779314674668365
49748,黑天鹅,2.0,舞跳得太紧绷了，演得也太紧绷了,0,2.7603597776376003
29787,爱你，西蒙,5.0,挑不出什么缺点连俗气都是优点,1,14.99617643411165
16481,少年派的奇幻漂流,5.0,如果抱怨太多，是因为经历太少。,1,4.3073260960714
35990,绣春刀II：修罗战场,3.0,你们可以都过去再把桥砍断的吧,0,50.44250554798102
30157,犬之岛,4.0,至少比我想象的还是好看多了吧。,1,6.449451485904657
29562,爱乐之城,5.0,深夜碰杯，都是梦想破碎的声音,1,29.71857663625584
16454,少年派的奇幻漂流,5.0,事物的正反两面，看你相信哪个。,1,3.8116013950979415
42494,谍影重重5,3.0,什么玩意儿啊········,0,4.397049375870121
33512,睡在我上铺的兄弟,2.0,没看出来和那首歌有什么关系。,0,3.0198954623640333
22753,星球大战外传：侠盗一号,3.0,你们星战粉看的开心就好...,0,28.882546532498093
39093,致我们终将逝去的青春,1.0,烂死了，没有之一，一星给王菲,0,25.33008721160032
38112,聊斋系列之桃花劫,1.0,人类已经不能阻止CCAV6了！,0,23.863744612218692
10698,嘉年华,5.0,上周买了票没空去看，这周补看了,1,13.136734890705855
44839,通勤营救,3.0,Iwantplayagame,0,61299.5694999335
6608,僵尸日记2,3.0,一般的僵尸片最后都死了？？？？,0,16.59094587499884
5595,佩小姐的奇幻城堡,3.0,不是黑色童话，这是幼儿读物。,0,8.436121444082634
43134,辛德勒的名单,4.0,我们国家为什么拍不出来？？？,1,16.785570268114224
39893,萨利机长,5.0,很简单的故事，节奏处理得很好,1,1.8436417995129688
22323,星河战队2：联邦英雄,1.0,战争片变惊悚片然后就很无聊了,0,15.951425393302456
26706,比得兔,3.0,不难看。gleeson小哥真嗲,0,374.9104824283562
45382,邪恶,2.0,难得看到好莱坞特效这么假的…,0,72.6117336719565
27737,温彻斯特,1.0,太难看了，看了十五分钟就关了。,0,7.6998823464247215
36173,缘来是游戏,1.0,为了看马国明，没想到什么也没有,0,18.417097578879208
40625,血观音,4.0,女性视角下的故事。人性复杂。,1,3.8470612764043506
19180,悟空传,1.0,让我冷静一下……全是槽点，哭泣,0,10.608122781779974
14483,如果，爱,4.0,挺好看的，希望女主赶快崛起！,1,8.835254393538301
39174,致我们终将逝去的青春,2.0,青春可以犯傻，爱情不能犯贱。,0,8.874298273284472
30358,狂兽,3.0,不算太喜欢，张晋这个样子不帅,0,20.069848420362412
33669,祖宗十九代,1.0,现在看见岳云鹏那猪脸，就觉得烦,0,57.431050127404184
2114,不成问题的问题,4.0,同学们，这是职场教科书啊！！,1,11.221266957964152
26848,比得兔,4.0,轻松幽默可爱，适合带孩子去看。,1,10.911633056622104
50010,黑暗塔,2.0,为了维护宇宙和平，美国不能禁枪,0,16.506934683533768
36261,缘来是游戏,2.0,30分钟开始快进，50分钟弃。,0,16.018949671704345
13445,奇异博士,4.0,可以可以，DC坟头上一把新土,1,319.76422424531836
28496,湮灭,4.0,只觉得刨腹那个镜头特别像GV,1,33.98367776672706
49775,黑天鹅,3.0,梦之安魂曲+搏击俱乐部+摔角手,0,50.6802029990845
4552,人世下游,3.0,自我生存和自我毁灭之间的博弈,0,2.316557278696562
16117,小姨子的梦,1.0,2.0，女主一看就是假面超人。,0,11.875319110936571
46960,阿凡达,3.0,为毛我没觉得好看呢？我肯定异类,0,40.400841294251435
33687,祖宗十九代,1.0,还嫌排片少？这是对观众的保护！,0,7.458256919090588
36843,罗马假日,4.0,奥黛丽赫本是真的美永远的美人,1,45.03465011247768
17189,平壤之约,5.0,让观众看到一个不一样的朝鲜。,1,2.8817987134081755
43058,超时空同居,4.0,整体一般，前面搞笑后面感人。,1,12.541474554984301
19749,我想结婚的时候你在哪,5.0,碉堡了！不知道什么时候上映。,1,17.11329470667506
25758,欢乐好声音,4.0,全片最大的亮点就是鱿鱼了哈哈哈,1,6.763821182292615
15667,寻梦环游记,3.0,无后同性恋们的一场极大的噩梦。,0,7.234842685525038
29728,爱你，西蒙,4.0,希望有生之年出柜电影不复存在。,1,46.73001301775445
29741,爱你，西蒙,4.0,爱是彩色糖衣包装却没营养的药药,1,33.465306967547185
23122,星际特工：千星之城,5.0,全给山东天后那段舞和CG视效。,1,226.32444112165825
3679,二代妖精之今生有幸,1.0,有负分的话就打负分了，就酱！,0,12.817005948915867
47815,隐藏人物,2.0,这片除了在拿种族问题说事还有啥,0,7.151474764329989
48656,飞屋环游记,5.0,这世间，唯有爱和梦想不可辜负。,1,2.1198135899925297
49271,骨妹,4.0,泪目。不论如何，你开心就好。,1,10.64504797171039
7950,加勒比海盗5：死无对证,3.0,14年了，终于在第五部睡着了,0,11.10090740161784
21065,捉妖记2,1.0,连胡巴也不可爱不萌了，失望。,0,87.81485641762555
18054,心理罪,1.0,单纯的不喜欢李易峰的表演……,0,7.738117801573193
12039,大护法,5.0,戴着脚镣的跳舞值得所有的尊重。,1,8.66263671885757
37494,羞羞的铁拳,1.0,开心麻花的东西说实话，不叫电影,0,21.258202891945004
25694,欢乐好声音,3.0,……满满地都是贺岁片的套路。,0,6.467493220219161
47340,阿甘正传,5.0,老师介绍看的，超励志的一部电影,1,7.200463920537256
19554,我不是潘金莲,4.0,薄弱的主角/主演，精彩的群戏,1,56.815650940440506
14283,好久不见,5.0,追剧中，喜欢杨子珊那股子劲儿～,1,65.77932185128086
15923,小丑回魂,2.0,欢声笑语中打出gg.什么狗屎,0,129.90474282173847
39858,萨利机长,4.0,难，在于对专业对自己的坚守。,1,8.468697469371213
46078,铜雀台,4.0,反正我是很喜欢，打四分不为过啦,1,14.538440730372201
1937,三生三世十里桃花,1.0,这种天庭杀马特风无论如何忍不了,0,103.11620822448242
45811,金刚：骷髅岛,4.0,一山不容二猩；景甜是来干啥的？,1,153.6926879479776
2173,不成问题的问题,4.0,范伟举手投足，一呼一吸都是戏。,1,18.959788558765133
36106,绣春刀II：修罗战场,4.0,杨幂你在里面到底是干嘛的……,1,10.64167587124046
42877,赏金猎人,5.0,唐嫣蛮漂亮的，李明浩也不错。,1,18.329256088735736
49254,骨妹,4.0,很久没看这么暖心的小片了QAQ,1,3.981866240360545
26815,比得兔,4.0,太可爱啦！！！英国乡村也好美呀,1,15.986690666367153
6790,分手大师,1.0,邓超我对你越来越失望了！！！,0,13.009464052505958
33986,神偷奶爸3,4.0,也只有Steve能双重治愈我,1,59.09881803059281
23983,暴雪将至,5.0,『电影首发站』先睹为快获奖影片,1,10.283043223130916
47286,阿甘正传,5.0,当你奔跑起来，比羽毛还要轻盈,1,5.929679516445732
46095,银河护卫队2,2.0,一觉睡醒，发现什么都没错过。,0,10.497114947660771
41418,西游降魔篇,2.0,誰人不想上舒淇，文章你個大傻逼,0,191.36114050918582
6071,侏罗纪世界2,4.0,导演真的可以救一个平庸的剧本,1,19.190869879834903
12363,大话西游之月光宝盒,4.0,蓝洁瑛当之无愧靓绝五台山啊！,1,293.31222534250094
20801,抓住彩虹的男人,3.0,我妈逼我看然后我就看完了……,0,7.6429523528540955
19650,我想结婚的时候你在哪,1.0,烂死了！没见过这么烂的片！！,0,7.325192227821658
18506,忌日快乐,3.0,亚裔小哥roommate好可怜,0,979.0788483948152
32378,盗梦空间,4.0,我似个没文化的不能理解。。。,1,12.135314189688968
25154,极速天使,1.0,内地风格商业烂片，我竟然看完了,0,32.79466789159926
4601,人再囧途之泰囧,3.0,也就是一部票房比较高的喜剧吧,0,4.345845522983181
41163,西游记女儿国,1.0,一个“烂”字都不足以表达吧。,0,7.09515396755212
30927,猩球崛起3：终极之战,5.0,难以忘记第一部带给我的震撼。,1,9.673529575797646
28101,游戏之夜,4.0,很欢乐，而且还有女神主演哈哈,1,6.273804004630349
47519,阿飞正传,5.0,从现在起，我们是一分钟的朋友,1,3.7401954807906606
38559,自杀小队,3.0,没有哈莉奎恩的话就是个烂片。,0,19.42730235500983
13647,奇迹男孩,4.0,强行反派再强行洗白的一个个角色,1,45.31676352950857
39397,芳华,4.0,3.5。幻灭的理想主义最动人。,1,29.190084586377267
36342,缘来是游戏,4.0,还是不错，只是有点无厘头的感觉,1,5.194213151398144
42016,让子弹飞,5.0,还记得是10几个人一起去看的,1,2.776814813876528
35546,红雀,2.0,不如再看一遍《极寒之城》。。。,0,14.010420039939044
22254,无问西东,4.0,领导强烈推荐的，还是很值得看的,1,5.998617840064641
39761,萨利机长,4.0,东木的叙事节奏，太令人着迷了,1,8.141232875309978
20894,拆散专家,1.0,拆散专家？取名字能有水平吗？,0,47.91801438989448
26697,比得兔,3.0,一些情节我不是很认同适合小孩子,0,5.566586471189507
11707,大内密探灵灵狗,1.0,电影可以烂，但怎么能烂成这样,0,3.6283667909672825
37539,羞羞的铁拳,2.0,太可怕了，烂片都开始互相致敬了,0,9.570945601335616
34295,神奇动物在哪里,3.0,不要太多期待，不要太多期待！,0,3.825761417837982
27995,游戏之夜,3.0,大赢家是黛比啊！！！想成为黛比,0,7.279801865747791
11725,大内密探灵灵狗,2.0,2009年的王晶还活在上个世纪,0,10.39876620815285
33584,睡在我上铺的兄弟,3.0,那个李现有种陈柏霖的既视感。,0,53.162897992955564
40473,血欲,2.0,超级大烂片风行上还给9.1骗人,0,551.3059693081392
36190,缘来是游戏,1.0,可以不给星吗？根本看不下去！,0,21.923641568996036
16216,小英雄雨来,1.0,不知道应该怎么形容这么烂的电影,0,2.091088426384234
4961,从你的全世界路过,4.0,其实看我大重庆美景也是不错的,1,20.948715864719695
40103,蜘蛛侠：英雄归来,5.0,为“没有苦大仇深的剧情”加一分,1,10.579572247625824
21369,摆渡人,1.0,蟑蛱猳--电影圈的地沟油贩子。,0,33.6248231911945
22574,星球大战8：最后的绝地武士,3.0,底特律黑又硬狂上亚裔女版乔杉,0,1045.628589529697
30278,狂兽,2.0,哎，编剧有问题。可惜了剪辑。,0,25.378693689530607
35363,红海行动,3.0,大过年的我是为什么要来看这个…,0,21.51169930374084
10121,唐人街探案2,1.0,推理硬推?演戏硬演?好尴尬啊,0,55.03612026047995
39273,芳华,1.0,唉。为冯裤子的粉丝感到捉急。,0,106.51794308669577
41556,西游降魔篇,4.0,黄渤在剧中的演出真是一大亮点。,1,8.803764189614082
18667,忌日快乐,4.0,被预告片吸引，正片也不错的！,1,17.61639796815472
5035,伊凡王子与百变公主,4.0,到八十岁仍愿意相信的真童话。,1,10.914023022384756
45655,金刚狼3：殊死一战,5.0,金刚狼3：未来白他妈逆转了。,1,173.23645280521046
30426,狂兽,4.0,张晋不说话还行，毕竟动作不做,1,50.356038930298936
50195,黑色大丽花,1.0,原来你是我看错的那部啊...,0,15.37036819150219
49914,黑天鹅,5.0,很多段都看得从头到脚都冷了……,1,22.086830308856467
24015,最完美的女孩,1.0,导演：来人，喂各位观众吃屎！,0,54.31605760633543
17650,当幸福来敲门,4.0,WS转型成功～儿子怎么这么乖？,1,19.391521024550865
20638,抓住彩虹的男人,1.0,2015.6.15@Home,0,63.15625568138652
13271,头号玩家,5.0,希望微信周二周四也不能访问。,1,10.955753733209036
39588,英伦对决,3.0,这片子貌似又没有成龙一样拍啊。,0,12.649984544913815
22061,无极,5.0,我是真的觉得好看，不要喷我~,1,6.404362995329303
6926,分裂,2.0,真的特别一般……………………,0,8.501275383029789
30998,玉米地的孩子:起源,3.0,前面没看也不知道在讲啥。。。,0,20.370969706594384
46517,银翼杀手2049,5.0,（我在电影院放声痛哭太丢人了,1,9.978062935033368
4762,人再囧途之泰囧,5.0,好看的，前几天看过还是很好笑,1,12.870143270598936
23322,星际穿越,5.0,男主爱女儿，更爱安妮海瑟薇XD,1,70.41131560882687
43798,进击的巨人真人版：前篇,2.0,剧情差得也太远了。。。各种逗比,0,10.530582719835827
34487,神奇女侠,2.0,??抗德神剧手撕鬼子玛丽苏女王,0,72.3780275337849
19236,悟空传,2.0,整部片子看下了就两个字：幼稚！,0,10.37988944589288
39675,英伦对决,4.0,这次风格的转变可以说很成功了！,1,3.129394914329049
44293,追龙,4.0,你们是反派当正派演啊？？？？,1,20.848117073578173
16517,少年派的奇幻漂流,5.0,每一帧都可以截下来当壁纸啊！,1,9.479227738584834
13687,奇迹男孩,4.0,看到小杰克就懂亲妈粉的心态了,1,98.71026755960253
46308,银翼杀手2049,1.0,可以彻底把这导演拉进黑名单了,0,11.568264484866353
6165,侏罗纪世界2,5.0,恐龙吃人时影院里一片欢声笑语,1,30.576443218692543
5119,伊凡王子与百变公主,5.0,最喜欢秃头公主和百变公主的故事,1,3.3939350154161647
10787,四大名捕,1.0,这个名字应该叫神奇四侠。。。。,0,2.9685376292744152
40960,西游记之大圣归来,1.0,烂到想哭。果然讨厌3D动画。,0,10.814074789186003
3083,临时同居,3.0,春娇好丝好腿，家辉演皮演骨。,0,455.6509819464675
42257,请以你的名字呼唤我,2.0,爬山那段景色蛮好的，加一分。,0,31.103290447022605
49274,骨妹,4.0,澳门风光片，讲述塑料花姐妹情。,1,143.54095163562417
5772,佩小姐的奇幻城堡,5.0,超级好看好吗！为什么评分这么低,1,15.631674038773127
18590,忌日快乐,4.0,hmmmmmm不剧透了总之感恩,1,45.13201983904177
48109,雷神3：诸神黄昏,3.0,我以为我在看银河护卫队呢……,0,4.072327886399402
10264,唐人街探案2,4.0,想强奸高跟鞋护士装的刘昊然。,1,42.73462177819469
49491,高跟鞋先生,4.0,fiona真是个小可爱小温柔,1,36.17173001841631
23283,星际穿越,5.0,太牛逼，心情激动，无法进行影评,1,8.508570322567044
9709,后会无期,1.0,看的时候很想逃回家看美剧TAT,0,13.29859709696392
41966,让子弹飞,5.0,“麻匪帮开个牛郎团都够啦！”,1,337.74605730135244
34053,神奇侠侣,1.0,古天乐一年一烂片。明年请继续,0,39.354573979857435
49264,骨妹,4.0,拍的很细腻，还原那个年代的澳门,1,5.915091354550439
20112,我，花样女王,4.0,人们都只是看着旷世奇才的陨落,1,5.94693387039105
24714,机器人总动员,5.0,这是一只安卓和苹果的故事么。。,1,11.017813222914349
13017,失恋33天,4.0,从此之后好多基佬都自称X小贱，,1,23.50670656206538
2121,不成问题的问题,4.0,导演的节奏不对，别的都挺好。,1,15.352409193955648
41091,西游记之大圣归来,4.0,非常感人特效不错的国产动画片,1,15.49675083473108
22878,星球大战外传：侠盗一号,5.0,ILOVEDIEGOLUNA,1,13326.719782550006
6800,分手大师,2.0,2颗星全部给带给我妈妈的欢乐。,0,16.885364587182924
28610,潜艇总动员4：章鱼奇遇记,1.0,好无聊的电影啊，又乱又吵。。。,0,7.571158508237368
15282,嫌疑人X的献身,3.0,演员粉还是忍忍别看了容易脱粉?,0,44.25105659563445
26952,气喘吁吁,1.0,真是太糟糕了！亏得还有陈伯霖,0,35.39958282762258
33823,神偷奶爸3,1.0,华丽的屎，小黄人周边广告集锦。,0,44.415077908897686
32300,疯狂的石头,5.0,看過的少數算得上的國產片之一。,1,12.61099643273023
36866,罗马假日,4.0,男女主最后的对视让人心都碎了,1,8.613775526907919
16290,小英雄雨来,3.0,觉得张雷在里边的表演很出彩。,0,34.185699626575115
43927,进击的巨人真人版：前篇,3.0,靠，三爷和兵长怎么成这样了？,0,25.538228975776835
13733,奇迹男孩,5.0,好想知道爸爸给妈妈的礼物是什么,1,1.793947755627377
27337,泰坦尼克号,4.0,最好的小李子，杰克真是太惊艳了,1,11.209143954239332
49251,骨妹,4.0,岁月在梁咏琪的面貌上留下了痕迹,1,4.601787222229788
50567,龙威父子,2.0,原来黄晓明很早的时候就负责二了,0,22.095987225635916
16352,少年派的奇幻漂流,2.0,评分又虚高了忍不住打两星??,0,26.02456097083107
15824,寻梦环游记,5.0,皮克斯他妈简直是世界的主宰。,1,18.610012526869454
40911,西游伏妖篇,4.0,除了姚晨和包贝尔，一切完美。,1,15.706068679413777
27256,水形物语,4.0,那爱情的绮丽，总是在孤单里。,1,9.90601733635456
12680,天才少女,5.0,克里斯你喜欢孩子吗？我和你生,1,15.655538166009553
8752,北京遇上西雅图,4.0,大叔好帅啊，配汤唯毫无违和感。,1,18.036436841293284
16620,帕丁顿熊2,4.0,可爱、善良、温暖的帕丁顿熊。,1,30.627137704904754
30886,猩球崛起3：终极之战,4.0,猩猩版《越狱》+《出埃及记》,1,48.96848262460482
13305,头号玩家,5.0,看！得！太！开！心！！了！！！,1,9.742531813352466
10652,嘉年华,4.0,拍得很克制，却依然真实得可怕。,1,12.442660101375225
49816,黑天鹅,4.0,天鹅之舞，天鹅之歌，天鹅之死。,1,2.885155340329941
50541,龙威父子,1.0,原来ccav放过好多遍了啊。,0,144.13042065627243
11126,堕落天使,2.0,畅销书拍的电影现在都这水准吗。,0,65.63949544028338
11145,堕落天使,2.0,题材挺不错的，就是拍的不好。,0,9.634780579976923
35042,移动迷宫3：死亡解药,3.0,最后真烂尾，纽特就这么走了。。,0,74.10927686951898
11966,大护法,4.0,哭了只有片头和片尾有3D效果,1,8.560342936588702
27108,水形物语,2.0,全片弥漫着一股肥宅的头油味。,0,53.26249956954832
37015,美人鱼,1.0,一颗星给文章那场戏以及电风扇,0,35.83989880894306
35446,红海行动,4.0,没多刻意煽情，战争场面拍的好,1,11.932694622629633
32179,疯狂的石头,4.0,平民喜剧加黑色元素加现代叙事,1,21.615728214915794
23356,星际穿越,5.0,震撼！！后悔没有在电影院看系列,1,7.903602547080636
4748,人再囧途之泰囧,4.0,除了实在不喜欢王，其他都很好,1,20.51428350591629
39106,致我们终将逝去的青春,1.0,赵薇还是好好当演员吧，真的。,0,7.016107240912513
13051,失恋33天,4.0,每个傻妞的身后都有一个贱男。,1,28.59320422499456
37811,羞羞的铁拳,4.0,搞笑和道理齐飞，很喜欢的电影,1,27.838458427657105
28938,灵魂摆渡·黄泉,4.0,这么老套的故事居然看的十分感动,1,4.342861187247066
43139,辛德勒的名单,4.0,拯救一个人，就是拯救整个世界,1,2.158325196902753
47334,阿甘正传,5.0,经典励志电影。母亲真的很伟大。,1,10.445043851327474
23677,暴裂无声,4.0,剧情和演员都很给力，值得一看。,1,4.249711678239908
31106,王牌保镖,3.0,贱贱不敌嘴炮，奥德曼久违的反派,0,99.97099771785966
27812,温彻斯特,2.0,没有气氛，没有创意，没有反转。,0,3.4116789782794488
14928,妖铃铃,5.0,反正我笑了，而且笑得很大声~~,1,6.919843912935233
40214,血战钢锯岭,4.0,人家的主旋律总能甩我们八条街。,1,7.441301729079995
7054,分裂,4.0,分裂Split(2016)。,1,370.5150353587024
41056,西游记之大圣归来,4.0,国产动画的一个进步吧，挺不错,1,8.404359404099583
33121,相爱相亲,5.0,“以后不准王太太坐这个车子”,1,15.597878960871363
11172,堕落天使,3.0,故事本来是好的，但表现有些弱,0,11.349175549995845
37687,羞羞的铁拳,3.0,比夏洛好多了，只能这么说服自己,0,38.059679137100424
36184,缘来是游戏,1.0,写影评都觉得浪费时间的片子…,0,15.383797017242323
6150,侏罗纪世界2,4.0,这部叫《侏罗纪古堡》更贴切些。,1,10.758477442074664
31989,疯狂动物城,4.0,还好吧。这么高的分我也是费解。,1,5.6690078460692614
49830,黑天鹅,4.0,挡在你面前的人，只有你自己。,1,2.590476167278235
27849,温彻斯特,3.0,jumpscare也依然吓到我,0,848.8112602041342
40252,血战钢锯岭,4.0,救人75命，胜造525级浮屠。,1,1346.60873402084
28105,游戏之夜,4.0,挺好玩的，竟然有德克斯！！！,1,17.388040556312337
14586,妖猫传,3.0,我都怀疑这个片子时长五小时……,0,5.9684471037839835
48388,霸王别姬,5.0,段小楼是假霸王，虞姬是真虞姬,1,20.90736629302123
5656,佩小姐的奇幻城堡,3.0,结尾大作战部分，严重拖了后腿。,0,13.484549344538003
23506,春娇救志明,4.0,想买戴森吹风机，一星给吹风机。,1,26.196088004389505
45691,金刚：骷髅岛,2.0,金刚和骷髅怪打起来太他妈帅了.,0,23.65340510230638
40606,血观音,4.0,全员恶女的戏，哪有不好看的。,1,85.22866870953587
49930,黑天鹅,5.0,腾讯视频的删节版我恨死你们。,1,44.7890450495814
27708,海洋奇缘,5.0,既然唱歌能拯救世界，那就唱吧！,1,5.0067302564084235
28579,潜艇总动员4：章鱼奇遇记,1.0,14.06.02cinema,0,182.4705363044944
6414,信笺故事,4.0,真的好喜欢看劳拉·邓恩演戏啊,1,80.84674716904007
2813,中国合伙人,4.0,黄晓明和邓超的演技加了一颗星,1,8.412294870127104
45707,金刚：骷髅岛,3.0,一支穿云箭，千军万马来相见。,0,31.23960409686556
36483,缝纫机乐队,3.0,梦想还是要有的，万一实现了呢。,0,4.418975572667519
38654,至暗时刻,3.0,丘吉尔应该被传销行业奉为神。,0,12.657553573134276
50539,龙威父子,1.0,为什么背景音乐是东方红？？？,0,5.299841227455033
21069,捉妖记2,2.0,10岁小孩看的真人动画片水平,0,15.462805460476828
3177,乌巴尔多泰尔扎尼恐怖秀,2.0,为什么最后不是一场真实的梦境？,0,3.837574081305654
18159,心理罪,2.0,比李易峰的演技更尬的是他的台词,0,7.992598793622515
26863,比得兔,5.0,治愈了我的情人节孤独症谢谢你,1,23.636141823051105
33844,神偷奶爸3,2.0,小黄人再萌，难道还能卖一辈子？,0,15.952843151529326
32000,疯狂动物城,5.0,17年奥斯卡最佳动画，你好！,1,7.9384355610677435
44666,逆光之恋,1.0,这种电视剧，阿西吧啊。辣眼睛,0,27.45581229075398
44794,逆光之恋,5.0,好看于正干了回好事喜欢迪丽热巴,1,32.65003714003202
28716,潜艇总动员4：章鱼奇遇记,3.0,感觉有点像皮克斯的海底总动员。,0,7.102629754377738
11183,堕落天使,3.0,被某舍友拉去看的。。。。无语,0,22.58898911436712
30431,狂兽,4.0,武打戏已经值三星，剩下给颜值,1,143.48214045842232
45338,邪恶,2.0,女巫的牙齿好丑，毫无智商的片子,0,29.00911942788104
44375,追龙,5.0,这是王晶拍的？严重怀疑代拍。,1,18.202160801984203
3961,五十度黑,2.0,居然没有啪啪啪，一直在那叨叨叨,0,9.96466634009277
50177,黑色大丽花,1.0,不知道有啥内涵。单纯的没意思。,0,2.5135011581535425
35179,第七子：降魔之战,2.0,挺一般的，剧情单薄，吃饭看的,0,18.993370820937216
37719,羞羞的铁拳,3.0,薛皓文和樊野长得一毛一样！！！,0,64.03834285492259
15878,将军在上之极乐净土,4.0,番外一样精彩，秋华女装小仙女,1,78.59770713742763
20636,房客,5.0,这个暗喻西方育种学里，保留纯种,1,94.90219368946498
10835,四大名捕,2.0,我们真是躺中啊…TFR...,0,181.5811870516907
24054,最完美的女孩,2.0,这演技。。读台词也要用点心啊,0,19.073347712743182
22416,星河战队2：联邦英雄,2.0,直接发行DVD，可见质量一般,0,25.639439243083086
42288,请以你的名字呼唤我,3.0,改成男女主角可能没这么高的分,0,12.776105119114224
50340,黑豹,2.0,像是另一个纬度的“宝莱坞”电影,0,5.806247024661287
8122,加勒比海盗5：死无对证,5.0,说一句，年轻的船长真他妈的帅！,1,14.76521238041402
48526,飞屋环游记,4.0,活着的时候完成心愿比较重要。,1,5.4124472757577875
29906,爱情真善美,2.0,很无聊，很脑残，很......,0,3.6298328320605635
32050,疯狂动物城,5.0,敲好看，喜欢狐狸和兔子这西皮,1,37.30806732116755
7375,前任3：再见前任,1.0,这到底是拍给多幼稚的人看的啊,0,3.1069204455997146
7502,前任3：再见前任,3.0,韩庚一定演的是土象星座的……,0,51.324055697405946
13205,头号玩家,4.0,斯皮尔伯格就是那个头号玩家。,1,8.735479955604747
12572,天才少女,4.0,chrisevans把我帅哭了,1,380.70487101581904
12294,大话西游之月光宝盒,3.0,直到现在我也没搞懂里面的深意,0,3.3520912360517445
25378,检法男女,1.0,希望編劇三思，實在不行閉麥收聲,0,56.48461385579173
21641,攻壳机动队,5.0,空壳又怎样嘛？至少美得像只椒图,1,184.6626927465557
47764,降临,5.0,外星人教你书法美国人教你说中文,1,10.455981766935082
49846,黑天鹅,4.0,第一次看没怎么懂，再慢慢钻研,1,7.212018057643401
12903,太空旅客,5.0,一个人跑去电影院看得一本满足。,1,27.166943871232306
21007,拆散专家,5.0,顶啊.顶啊.无法说出的激动.,1,12.036927979850274
41192,西游记女儿国,1.0,情怀就是这样一部一部被作没的,0,34.66360080554328
49691,魅影缝匠,5.0,可以说是巨蟹座的灵魂速写了。,1,14.925878243449471
49243,骨妹,4.0,只值三星，私心为题材加一颗星吧,1,31.810869234764326
15821,寻梦环游记,5.0,特别好看，画面美剧情也有趣。,1,15.258282313762866
40105,蜘蛛侠：英雄归来,5.0,全程无尿点，结束后两个彩蛋！,1,36.99567096379417
14132,好久不见,1.0,真的是老掉牙！这个年代还在拍！,0,40.73106288671884
48518,飞屋环游记,4.0,故事有点老套，但是整体还行吧,1,11.412142995457957
1469,七月与安生,3.0,道理我都懂，然而就是喜欢不来。,0,2.5121610157876852
14755,妖铃铃,1.0,烂编剧+尬演，陈可辛都救不了。,0,59.496317719249895
35318,红海行动,1.0,欣赏无能为什么豆瓣评分那么高？,0,16.704809048459772
13663,奇迹男孩,4.0,我真心觉得雅各布是能拿影帝的料,1,21.397773804087127
8754,北京遇上西雅图,4.0,女性的细腻。赞婚纱店那场戏。,1,62.991490970252364
35839,绑架者,2.0,徐导你这是要泡黄立行啊....,0,80.87038774570175
2011,三生三世十里桃花,5.0,男女主角太美了！值！！！！！,1,6.11198674695512
20832,抓住彩虹的男人,4.0,我觉得挺好的，不比什么美剧差啊,1,3.820228491073509
24624,机器人总动员,5.0,多么想握着女孩儿的手看完它。,1,44.36380403271946
31616,环太平洋：雷霆再起,4.0,你知道有一套从天而降的掌法吗？,1,6.169256830986629
38408,肖申克的救赎,5.0,这样的男人谁会舍得背叛。。。,1,10.365887505971973
26095,正义联盟,5.0,年度情话：Iknowyou.,1,185.16218932648383
37020,美人鱼,1.0,剧情老套，表演浮夸，邓超，唉,0,28.243488581536766
16885,幕后玩家,3.0,胡同那房子比郊区那个贵多了吧,0,28.233162786595884
15410,宝贝神探：大闹伦敦城,4.0,这么多小演员，大人们都是绿叶了,1,14.703454388239788
35414,红海行动,4.0,反派一只耳...致敬黑猫警长,1,22.05392355389525
37951,老炮儿,4.0,[阳光灿烂的日子]之四十年后。,1,8.47757038290581
21887,无极,1.0,天下第一烂片陈老师是烂片王子啊,0,22.14183526375705
34477,神奇女侠,1.0,卡老师说的对啊，好好看看异形吧,0,7.680860500312946
25447,检法男女,5.0,很好看啦，不知道为什么评分低,1,7.4875498049300875
37045,美人鱼,1.0,真的太难看了…真的…太难看了,0,4.138723723430536
17868,微微一笑很倾城,1.0,男主这张脸导致电影变成灾难片,0,7.513985366168368
18137,心理罪,2.0,心理罪?還是先把腦子治好吧..,0,27.84728527703931
25990,正义联盟,3.0,如果不是颜值撑着不然简直没法看,0,24.925366767757595
48450,飞屋环游记,2.0,"头一次觉得,皮克斯挺没劲的。",0,28.778682961165806
49565,魅影缝匠,3.0,实在看不来pta┓(??`)┏,0,30.826965265044603
4349,亲爱的,4.0,鼓勵..鼓勵..鼓勵鼓勵...,1,2.5657589026651615
8777,北京遇上西雅图,4.0,比不二情书好看，被吴大叔打动了,1,33.66431288218313
40493,血欲,3.0,很少看到日本拍的吸血鬼电影。,0,10.791876790035657
23890,暴雪将至,3.0,雨是不停的雨，人是多余的余。,0,27.34249219581969
38746,至暗时刻,4.0,国王的演讲兄弟篇之首相的演讲,1,17.093793281841005
27669,海洋奇缘,4.0,那颗石头不就是炉石嘛23333,1,16.43987566606218
5029,伊凡王子与百变公主,4.0,★★★☆，几个好的道德小故事,1,66.56185221914352
30048,犬之岛,3.0,在冷面滑稽的路上越走越远……,0,11.772133624494542
44356,追龙,4.0,让人都想原谅前两年的王晶了。,1,24.367095483975042
18579,忌日快乐,3.0,这么鸡肋的反转不如不要。。。,0,30.319786612084947
5563,佩小姐的奇幻城堡,1.0,为什么觉得蒂姆·波顿还有救呢？,0,6.693956176181396
22012,无极,3.0,没有舆论评的那么无可救药我觉得,0,13.126173107292143
4559,人世下游,5.0,中段很多地方还是很有领悟的。,1,9.142199483191733
29267,燃烧,5.0,从第70分钟开始想跪着看完。,1,14.791091337591894
19954,我是你妈,4.0,闫妮演技出色，剧情乏善可陈。,1,10.672619704136485
4144,亲爱的,4.0,201502CCTV6蛮好看的,1,677.6575282593534
44940,通勤营救,3.0,能搞掉一列火车却找不到一个人,0,7.767334194668852
31631,环太平洋：雷霆再起,4.0,爽到爆炸。豆瓣网友真的很严格。,1,10.55845010093602
18789,忠犬八公的故事,5.0,以后有机会的话也想养一只宠物。,1,4.539552467660652
46456,银翼杀手2049,5.0,太好看了！史上最惊艳3P！！,1,29.290584194683348
25520,楚门的世界,4.0,每个人都向往自由而不仅仅是安定,1,4.074740483672007
7206,前任2：备胎反击战,2.0,电梯的戏还挺好笑。其他不好看。,0,50.30860354485702
32628,目击者之追凶,4.0,全程都在注意男主角的皮肤好烂哦,1,34.697384432083105
2485,东方快车谋杀案,3.0,导演太自恋狂了求求你换个演员吧,0,56.907266201362674
22114,无问西东,2.0,奶茶妹妹进来就过于功利了。。。,0,24.288690723805423
48632,飞屋环游记,5.0,爱情的短暂，梦想与现实的背离,1,5.576173590873336
24628,机器人总动员,5.0,太可爱的动画片，太可爱的瓦力~,1,32.07530096390768
28682,潜艇总动员4：章鱼奇遇记,2.0,每年都有好多部总动员，累不累啊,0,20.70801573605545
41996,让子弹飞,5.0,很久没看到这么聪明的电影了。,1,2.8673658165874194
33184,看不见的客人,3.0,8.7分？Excuseme？,0,36.17757709637817
30867,猩球崛起3：终极之战,4.0,成年猿类的生活里没有简单两字,1,66.14715385855986
4460,亲爱的,5.0,赵薇的演技大爆发从此片开始。,1,6.704036353309687
34788,神雕侠侣,2.0,最惊人版杨过与小龙女。。。。,0,10.539410521920882
42013,让子弹飞,5.0,语言经典！剧情逗趣！真好看！,1,12.722744172734552
26064,正义联盟,4.0,天若有情天亦老，我为DC续一秒,1,90.75882870480363
17145,平壤之约,3.0,歌颂朝鲜人民都过好日子的电影。,0,4.5405528563732025
21213,捉妖记2,5.0,年纪大了，就爱看这种口水电影,1,9.333981473209409
12119,大话西游之大圣娶亲,4.0,当紫霞仙子死的那刻，泪如雨下?,1,13.494947817759517
43734,这个男人来自地球：全新纪,5.0,与人为善才是活着的真谛，好吧！,1,5.48906598244647
30862,猩球崛起3：终极之战,4.0,应该是在看一部寓言和史诗传奇,1,10.07829115559946
47133,阿凡达,5.0,等待是值得的要去电影院再看一次,1,4.8647535907489825
23269,星际穿越,5.0,以后三体拍成这个水平就可以了。,1,14.67911810525793
50247,黑色大丽花,1.0,看过的最烂的烂片！！！！！！,0,5.161690599326768
42290,请以你的名字呼唤我,3.0,称之为杰作？肉体消费和自我迷醉,0,63.39260560708292
14012,女子雇佣军,2.0,剧情太公式化，特效假的我想笑,0,108.17283387740243
45342,邪恶,2.0,完全就是砸烂一块玻璃引发的血案,0,8.480828622392053
48206,雷神3：诸神黄昏,4.0,超豪华爆米花爽片，特效很棒。,1,43.37019772351531
1284,七宗罪,5.0,为什么拍出来十几年我才看到呢？,1,7.375996488059861
33952,神偷奶爸3,3.0,笑料还是蛮有意思，故事太一般了,0,9.553608148310529
50569,龙威父子,2.0,基本反映了黄晓明的表演功力。,0,5.497587478493063
15621,寂静之地,5.0,是一些怕吵的宝宝，我理解它们,1,6.801037267378821
27756,温彻斯特,1.0,难看到极点，宁愿帮男票打飞机,0,23.693249141295784
46494,银翼杀手2049,5.0,观之使人意远，是很好的作品。,1,23.523081946381136
33694,祖宗十九代,1.0,这部电影重新定义了烂片的标准。,0,2.3527732395649026
33237,看不见的客人,4.0,仅仅是因为做视觉工作猜出来的…,1,15.718472564338839
5869,侏罗纪世界2,3.0,别想太多，都是为了看大恐龙！,0,8.392926561869915
15599,寂静之地,4.0,这种怪每个高铁车厢都应该配一只,1,16.66892630385714
14193,好久不见,2.0,是不是大妈们就爱看这种电视剧？,0,7.541940723381768
11056,堕落天使,1.0,比暮光还SB的电影也是没谁了,0,50.032775532975194
17571,异星觉醒,4.0,总体完成度不错，节奏张弛有度。,1,10.031048578434115
11684,大内密探灵灵狗,1.0,换班人马演那个故事你屁都赚不到,0,73.08815560601639
17923,微微一笑很倾城,2.0,消遣无聊，结果被无聊消遣了。,0,6.8500427796431556
11264,夏洛特烦恼,2.0,表示对笑点看不懂！剧情好老套！,0,16.70681678630359
13355,奇异博士,3.0,一部纯炫特效的电影，结尾low,0,43.953668091290794
48003,隐藏人物,5.0,第一总是最困难的！可总有第一,1,29.546809471808853
5285,伯德小姐,4.0,男孩都是一些墙上要划掉的名字啊,1,82.72911760437191
26836,比得兔,4.0,特效很逼真了，还不错，很欢乐,1,22.518448746475375
12162,大话西游之大圣娶亲,5.0,一定有一些电影永远都不能被超越,1,4.704209131672716
17745,当幸福来敲门,5.0,假设自己也生活在社会底层。。。,1,9.260700897381652
42361,请以你的名字呼唤我,4.0,解锁了黄桃新吃法……音乐很棒,1,37.384263094247636
25240,极速天使,2.0,吐槽啊。我居然还坚持看完了。,0,7.292555934589937
28131,游戏之夜,4.0,这年头好点的黑色幽默都见不到了,1,8.750264276875084
23298,星际穿越,5.0,情感力量当然高于一切宇宙哲学。,1,14.594384350583374
18630,忌日快乐,4.0,小太妹配小奶狗，居然意外地萌,1,63.570772130910974
39457,芳华,4.0,诗一样的哀歌，歌一样的芳华。,1,12.453940935180094
42709,赏金猎人,1.0,梦游一般，几个垃圾凑在一起。,0,57.44748048118169
34282,神奇动物在哪里,2.0,给我两个小时的动物世界吧……,0,8.51678905423531
14634,妖猫传,4.0,三星半。旷世真卷，疯魔成活。,1,297.47432617842566
29143,燃烧,4.0,代入感很强啊（跳舞那段太美……,1,26.160102294363565
34005,神偷奶爸3,4.0,幸亏订了英语场里面没有小朋友。,1,86.39793526343638
16524,少年派的奇幻漂流,5.0,活在童话里，未尝不是一种生活。,1,1.6982033218760555
35816,绑架者,2.0,以后徐静蕾的电影都要敬而远之,0,11.292041475161636
17480,异星觉醒,3.0,微缩版异形，密室恐怖，吓得够呛,0,49.880712469524006
3097,临时同居,3.0,葛民辉已经老成一把刷子了==,0,56.995231489783215
40983,西游记之大圣归来,2.0,画面还行吧剧情不仅弱还违和……,0,48.756904540901914
18625,忌日快乐,4.0,如果最后还是没过那天就神作了,1,59.511146141760825
3486,九州天空城,1.0,草拟吗别拍这种恶心剧了求你了,0,71.2729585154687
