,labels,text,ppl
30574,0,怀疑是假货，洗发后感觉很不好,7.37502654510122
7598,1,手机质量很好哎，就是没有送礼品,4.872607673357408
43849,0,有差异的产品，下次不会选购了,6.573238911625394
10361,0,东西搭配了一堆没用的，给差评,9.18338276601562
3099,1,一般般 会有卡顿 看电影还行,23.569567561260325
28438,1,不错很满意，物流小哥很给力。,5.535451552122657
34577,0,京东的配送就这样吗？真是失望,5.32277191779273
12015,0,非常不满意，大型游戏根本玩不了,3.5079552178993265
31819,0,垃圾京东，收钱不发货，趁早倒闭,16.578301479224137
42623,1,衣服面料很舒服，柔软，大小合适,2.7981957619785787
43428,0,哎与图片差距太大真心接受不了,8.19888461898833
38964,1,面料很好，款式时尚 穿上很舒服,2.2311505625041512
32231,0,洗发水不正宗的，洗完头皮屑很多,9.737523045922012
17545,1,京东商城的商品实惠，继续支持！,2.6406218656277183
36576,1,蒙牛出香蕉奶啦 味道还不错哦,21.44289430923187
6653,1,快递速度很快，平板用了还不错。,6.586107577879317
39896,1,大小合适，有弹力，辉常满意！,9.370917037092811
38971,1,刚收到货，很好，物超所值！！,7.8721310623690695
41286,1,穿上变得特别帅，怎么呢？嘻嘻。,9.348634041801173
29583,1,超值值得购买！便宜实惠真的很好,2.2696094723036184
12956,0,不咋好，显示不清楚，想贴膜的,15.63370234084039
31712,0,不好，这么贵还不好，我也是醉了,10.365137548394424
31680,0,啥时候到啊下单好几天了还没到?,10.630598029034823
60362,0,很一般，价格不高，但设备差！,4.7308473343457536
45785,0,没穿几次就破2个洞，做工不好。,14.492638276665344
30820,0,被坑了，不好用，只能给一星?,34.05381578198952
10933,0,送货师傅不错，平板质量一般般,7.655449617706736
40218,1,穿上很舒服，面料不错，蛮好的,3.4348672409104046
36597,1,蒙牛滴。。。口感醇厚，不错～,41.050601985951566
47403,0,衣服不行 ！！！ 快递也不给力,16.47553764957048
42213,1,质量好，做工精细。非常满意！,2.2476340530549557
31785,0,不好用，味道太浓，不适合男人,5.1649701792995995
46015,0,质量没有想像的那么好，不要上当,3.4356900327163182
42170,1,款式新颖，又合身，孩子很喜欢,2.948444228801452
43150,0,欺骗消费者！！！严重不符！！！,6.190104101037774
45415,0,商品没图上的好看，面料也不多好,15.053485737886282
30230,1,价格实惠，服务好，东西不错。,2.2648488255999335
47927,0,没收到商品，一个月了，差劲。,14.501443628141672
30018,1,好，不错，得蛮多的，划算，喜欢,13.92426009678027
26817,1,到货好快。服务好！东西满意！,5.234520330269347
5006,1,手机不错，屏大清晰，速度快。,7.142922238296547
44936,0,洗了掉色特严重，很硬，还没穿,16.035717372198302
16856,1,还味吃，现在觉得苹果越来越甜了,19.312237190759472
3845,1,不错 很喜欢 华为平板666,18.110891189791115
28242,1,洗发水好用，洗过头发很清爽…,6.912179662600969
42123,1,可以 比较满意 穿了再来评价,8.44067060759461
34621,0,有一瓶盖子烂了，流的到处都是。,9.415167796616393
33650,0,使用一般，和国货区别不是很大！,3.8165213206336666
5554,1,好好的一个好的自己选的好好好货,20.067950105315756
30937,0,说好的吹风机在哪！太垃圾了！,6.932174768422171
60557,0,服务很一般，设施和装修也不好。,3.20944859833732
46810,0,真的和网上看的差别真大，好垃圾,4.918813878158431
25754,1,看着还可以，小的赠送旅行装不错,11.94952777648342
43705,0,物流太慢太慢，衣服不怎么样，,5.915358658901275
18630,1,个头小但很甜，用来做早餐正好。,4.442469630866114
41784,1,商品不错，物超所值。真实体验。,5.662323108220554
45106,0,非常一般，不推荐，不要贪便宜,2.9505786001238525
31546,0,昨天收到今天就降价，太过分了！,5.8104493070357695
43624,0,有股刺鼻的味道，还特别脏，差评,5.986057953493234
10107,0,差评，保护壳都没有，5星差评！,7.873933133327324
32824,0,不好用，不适合我的发质，起头屑,8.935183662256147
4883,1,不错物流给力，值得信赖，正品，,5.065231897055135
31305,0,发来就破了。。懒得跟客服叨叨了,34.0847469181031
17539,1,性价比真他们高。。。。够味还脆,60.052096128005175
3991,1,不错，给妈妈玩游戏用的，很喜欢,2.3407041373058477
35438,1,安装好了，还没用，感觉挺好的,4.895669401247156
10959,0,骗子。垃圾货。收到的卡装不了,20.282446121041545
38859,1,衣服挺好的，我一下子买了两件,3.2855809737143833
33344,0,还品牌垃圾要死，越洗越多头屑。,27.87633631271315
11811,0,不好买来好后悔玩游戏好卡差评。,43.73352485522795
26497,1,一如既往的快，态度好，日期新。,9.196096808286788
39505,1,裤子面料不错的 版型很喜欢啊,5.626074694141609
34065,0,买了很多次，这次的是假货，失望,5.912741035080075
57426,0,服务不好。乱收费，非常不满意！,4.525271397649855
10211,0,cpu太差 一点都不流畅 亏了,27.367895198228215
6071,1,真正好PAD，学英语不用愁啦,20.159854414818202
46500,0,网上买几次都是烂货，不能相信。,6.530453506570786
39929,1,裤子的质量真的不错，值得表扬！,2.3844409599064678
47506,0,穿了一次，扔了，好还是不好？,5.9143924570064925
6287,1,屏幕够大，上手容易，物流很快。,5.408151426661982
39475,1,买回来很合适，老公很喜欢。。。,4.623683876000438
38335,1,质量非常不错，穿起来很舒服。,2.364890957372825
32710,0,就是好难受看到你日目的地后的吧,120.762954092074
7812,1,帮朋友买的，反馈信息还不错?。,8.18733920189488
33424,0,快递丢失 不处理 没有维权渠道,6.457546294040775
39217,1,很不错哦，我又要在买多一条了,14.84113262290943
35260,0,这个商标都掉了，可能是二手货吧,7.02951602941896
19076,1,苹果包装完好，吃起来香甜可口！,4.580814571544801
58781,0,酒店很旧，设施陈旧！花洒漏水,13.165149134580004
10412,0,卡出翔，到底是不是3G运行？,33.99711892610033
46154,0,物流太慢了，就凭这一条给你零分,9.400112501791819
34631,0,非常无语，包装是裸的，没有塑封,14.082278816803663
57024,0,所有的房间里的设施不是很齐全！,3.343344916043238
42499,1,不错，穿上很舒服，面料也不错,2.5815964200476067
47937,0,不满意，色差太大！做工一般！！,5.5291752448007045
18689,1,苹果不错！很新鲜！到货也很快！,1.997841049931505
47073,0,洗一次线全扯掉了，做工非常粗糙,11.631517820882395
14578,0,功能可以，但表面出现掉漆现象,4.157418693433605
33936,0,送来都爆开了，包装能用点心吗？,55.312888692304554
46214,0,大小不标准 垃圾货下次去桃宝买,70.56655840465638
18541,1,统一大小，味道一般，包装很好。,6.382892538643072
6147,1,东西不错，真的很喜欢很喜欢。,3.3233906914282305
35038,0,一点都不好，，，洗了很痒，差评,16.350200979930246
21809,0,包装不错，口号不太好，很硬不甜,13.34312521725822
47351,0,太差了，以后不会买了，懒得退,6.8552301592663865
11255,0,分辨率太低了，看着模糊，后悔了,2.728737039198758
6495,1,我这个是给妈妈买的，她很喜欢,2.5710782298152517
27960,1,还行吧，感觉可以满意。好评！,6.171434808662961
59784,0,凑合吧，旺季也不便宜，隔音太差,12.5710815075509
30190,1,比超市便宜，还方便，省的逛超市,3.8544353593448393
41065,1,一直喜欢的牌子，好好好好好……,3.6912067010045724
12495,0,不好不好不好，真的不好，上当,9.394522522907069
4490,1,刚拿到还没用还知道功能什么样,9.843635711874773
37775,0,你让我这个蒙牛脑残粉情何以堪？,10.3920688897493
18639,1,苹果个小点，颜色一般吃着还行。,5.824966423418235
6522,1,不错很好，京东快递给力棒棒哒,6.124375654897042
45361,0,穿了两次，而且面料粗糙，易脏,3.996858894088179
23149,0,心好几个发黑的。潘石译太差了！,104.60915338965596
45269,0,号码偏小，是棉的，颜色也还可以,11.084448731032445
45110,0,不好，有味非常刺鼻，而且还慢！,20.384109171205427
36596,1,果断的支持下，还是蒙牛厉害啊,17.26349557438849
34714,0,京东客服很垃圾，购买商品注意,4.841643285664992
39832,1,哈哈哈红红火火恍恍惚惚哈哈哈哈,3.3480757640716923
43503,0,质量和版型和图片不一样，不好看,4.824300602868169
18791,1,刚收到，看着还可以。还没有吃。,5.227145357485284
5050,1,不错，暂时用着各方面都很满意,3.726752944687282
45857,0,等啦一个星期才到，无敌的郁闷,12.227709005904181
38304,1,非常愉快的一次购物。价廉物美。,2.0211032195996506
32290,0,太差劲了，根本和实体店的不同,5.078995301796404
17172,1,早上下单，晚上收到，物流很快。,3.1680618109875076
26214,1,看着挺好的 洗发水我 还没用,4.566807691247189
43653,0,不好 买回来穿一次口袋就破了,9.03805419294601
28796,1,给家人买的，家人都喜欢用这个。,3.5327453960477917
45067,0,买回一看，跟夜市买的一样，*,40.70245396599904
40256,1,白色质量一般般，料子不是很好！,6.660633545496721
12627,0,wifi不靠谱，上网有限制。,6.258460330712362
20546,0,苹果有坏的，不新鲜，自欺欺人。,12.747634016639951
41781,1,裤子质量挺好的 料子很舒服啊,7.91494874414594
5986,1,除了不是全网通以外，其他都蛮好,3.5953589714262177
61796,0,服务差，环境差，缺乏管理和训练,2.083304083323551
47908,0,非常多小碎毛，穿了一次起球球,35.05443649933503
4899,1,机器很不错，外观漂亮 包装精美,2.7843758610400773
7036,1,买的第二个了物有所值相信京东,17.72733782026618
40508,1,质量看着还好，就是有点瘦了。,5.9030704100747196
31474,0,这物流是蜗牛～产品有待考证～,24.890040182636724
4337,1,帮侄子买的，小朋友说挺好用的。,6.105884414336929
40660,1,手感不错 料子不错 样式不错,3.939336291545624
12511,0,二手的机子 电池不抗用 太坑了,34.22197220822508
28485,1,支持大牌！重要的是搞活动便宜！,3.7305017985153595
42157,1,物美价廉，顶顶顶顶顶顶顶顶顶,2.9899498451066093
35078,0,洗完头很多头皮屑，怀疑买的假货,4.648211408754524
39965,1,质量不错，值得购买，价钱也实惠,2.5493577018361444
35703,1,产品就不评价了，正在使用中。,4.169576283391295
31868,0,沙宣的产品，得看个人适不适合,10.112422452986586
5547,1,真心好用！原装最新版本！喜欢！,3.018798776329532
44544,0,差评 拉链不行，各位兄弟注意了,21.487188468934974
42912,1,很好，质量不错，店家态度挺好,3.6362629835458438
7180,1,不错，非常好用！流畅，不卡。,3.8500576144125156
7323,1,京东我信任！便宜实惠邮寄快！,6.698628716231016
5333,1,超爽啊，比我之前用的三星好多了,4.389714964431091
31995,0,真假噶时间看书考试计算机技术,19.373680975133688
46205,0,真的差，都不想在班尼路买衣服了,23.954698103933563
12993,0,什么玩意，服了京东了！垃圾，,16.193289942480828
45391,0,不满意，希望下次不要让我失望,4.661800449330599
5688,1,速度还不错，还好卖的是32G的,13.81697110600172
38275,1,舒服，就是质量一般，就值这个价,3.792837725687222
7874,1,还可以吧，用了几天暂时没问题,4.078565758979841
12584,0,耗电快，反应慢，还没有提供发票,9.213753096802348
17836,1,很好，价廉物美经济实惠值得购买,3.1552523720182677
5859,1,商品很好 发货很快 服务很好,4.014931581427492
35723,1,美的热水器挺好用的，感觉不错,3.261361999166082
25549,1,京东自营的就是货真价实！！！,6.049532736956096
29724,1,不错，和实体店的一样，很满意的,3.3238530949928395
12196,0,我觉得京东我都不会再买东西了，,6.8693154459360874
41718,1,样式不错 颜色不错 穿上很舒服,2.7095473884614627
46444,0,尺码不对，颜色也不对，能不能放,5.269104103441644
31748,0,不好用，洗过头后，满头头皮屑,28.600100801064844
11185,0,物流很快，但是机子不理想，卡,6.973077013876784
9183,0,用两个月就死机，商家不厚道，,9.951755093033098
32423,0,哎、不想说什么、居然不给我退！,9.367698530139164
34298,0,说好送浴巾的却不发，差评，*,46.02200808646605
3087,1,外观不错，手感也很好，非常喜欢,1.6419698915280385
8613,0,差了 在50公分高跌落就这样了,96.66951879199948
46772,0,很差很差，衣服和图片上的差很远,4.12554844226494
20910,0,包装不错，东西可咋说，不咋地。,13.119022124700422
44208,0,**店铺，从购买到换货不负责任,5.719367377858713
38737,1,很不错 男朋友很喜欢 强力推荐,4.75629780842205
37785,0,蒙牛伤不起啊！喝蒙牛更伤不起！,9.866787968522623
6390,1,质量还行，这个价位还是不错的,2.242382418210666
28231,1,不错的，送货速度快，价格实惠。,2.8990782400016
15581,1,还不错，一直购买的品牌....,4.27676782880555
30847,0,还没开始用，价格和超市差不多。,2.9076850966013206
37974,0,如果是真的就卸载一切360软件,7.692127393307235
26977,1,套装商品还满减谁不心动不如行动,19.946935607189754
5066,1,商品很不错，京东加油！支持！！,11.237988938680758
12871,0,怎么我刚才差评会不见了呢？？？,20.383316881308133
21666,0,大家看看这样的苹果要怎么吃啊！,3.0598028413474143
43538,0,一般！用手摸起来硬硬的，假贷！,14.386252602980278
19599,1,果子个头刚刚好，新鲜，准时送达,6.480348967402889
5314,1,机器很好，公司内部使用小巧，赞,8.643319727913548
34476,0,垃圾 不取屑 太垃圾了 假货,67.71712807696255
17367,1,第一买水果遇到几个坏的，无语了,15.366517474802349
4210,1,总体来说还不错吧，看视频够了,3.1117429346175656
7591,1,"不错,很好！！！！值得推荐！",6.1011567071123585
37659,0,现在基本不喝蒙牛了～ 昏倒!,39.32590806067218
38241,1,面料，款式很好，买了很多件了。,5.586189933413338
34824,0,太少了！严重与图？不符！！！,57.50795360187846
19671,1,苹果，脆，甜，同事也一起来买!,9.669169033602971
23935,0,总体挺好，不过里边有个别是坏的,11.704523345216522
33016,0,味道不对。和超市买的不一样。,4.103558439575291
15177,0,信号不好~！而且可以下铃声~~,16.585894279272136
35813,1,使用后真心不错，现在才评价。,7.576305506771469
18578,1,发货速度快，包装完整，个头大。,3.4650262218234356
36211,1,强大的蒙牛 笑翻了~ 转发微博,19.740558978571652
42374,1,穿着舒服，面料很柔软，真的不错,2.434128756269267
7235,1,太棒了，性价比很好必须给好评。,4.960203917329033
20223,1,个头不大，有伤疤，以后不会回购,7.399257358570203
38588,1,质量很好，面料不错，样式很好看,2.418268966916077
9585,0,这2g的网，老年人都嫌慢。。,57.40253026901312
33252,0,用过后有头皮屑，没实体店的好用,5.190065017607583
29716,1,还是原来的味道！浓浓的潘婷味！,8.572386316207742
14641,0,难道这就是中国奸商的经营之道？,3.5074681123375897
42029,1,衣服挺好，快递挺快，好评！！！,7.413926560069313
34637,0,买了套装居然没送两瓶小的，差评,35.17416166240433
45291,0,与实物不一样，颜色不怎么好看！,3.034882690617609
61384,0,又小又脏 态度一般 不推荐 嗯,14.063739190534626
46171,0,本来买小了换了好久，有条裂缝,28.22412324670444
44611,0,一点都不好，这叫什么黑色，坑人,13.429165520277454
34163,0,赠品还需要领取才有，真是少见。,7.943874061408035
34940,0,极差的包装，被人盗用过少了很多,11.206188602565422
42257,1,很合身 整体都很好 自己很喜欢,4.808860618510199
18206,1,满满一大盒子，口味很不错！赞！,4.973842222990052
3816,1,外观工整，触屏灵敏整体画面不错,5.89472015217052
44878,0,什么东西，要韩版的，拿段码。,41.21827711282969
6722,1,东西好快递快下回还来京东好棒,97.68943787460711
14527,0,没有专用的数据线与电脑连接.,7.097256992676693
35099,0,质量一般价格太高比实体店好高,9.080870297380992
42366,1,包装十分好，质量也不错，很赞,2.3194564426683333
3732,1,之前一直用华为，很喜欢，很好用,2.2645568113793306
19719,1,一直买的，正好搞活动，比较新鲜,5.974765486973618
23275,0,坏的实在是太多，请问店家怎么弄,14.004425469265778
4796,1,爱我中华，支持华为，质量很好。,4.237236211519254
33420,0,不怎么样，像假的，请大家注意。,5.485741624887083
20706,0,九个萍果，吃下去5个都是烂心!,79.67033636129143
20123,1,很好，一直在京东自营店买水果！,3.8037874413867714
47119,0,感觉买小了，穿上很紧，不舒服,12.048028451903829
28104,1,还没用呢，看着挺好的也很实惠,9.214714257672195
26481,1,相信京东！好东西！优惠便宜！！,4.359824021760655
13421,1,色彩明亮，对比度好，通话质量高,3.5252038175240306
33493,0,不好用 用了以后感觉头发粗糙,7.42268202864333
32233,0,买完就降价，欺骗 消费者，垃圾,4.282552826142898
25935,1,很划算了啦，送两小瓶。还送一*,35.49291794105797
27631,1,洗头发很柔，很好的保护了头发。,6.772313572457484
31436,0,但是感觉不像真的，洗完了起头屑,13.138956424193157
46467,0,不标准码，而且布料也不怎么符合,16.876310601073687
35365,0,物流很快很好，发货太慢，差评,4.057769990241812
40171,1,裤子不错，一次比较满意的网购。,7.084867075103115
8075,0,用了一个月机子就很卡，真心垃圾,6.01204762285529
57422,0,适合机场出发 就在浦东机场附近,5.845957894858507
38672,1,质量还不错，货发到的也很及时,5.662269329429075
44316,0,什么破裤子还掉色。真心无语！,16.222252592656293
19025,1,个头挺大的，就是重量轻呀！好吃,4.015516403450858
38378,1,穿上很舒服，很满意，质量不错,2.673319703861529
32337,0,假货 用完之后头皮屑特别特别痒,23.918524326973184
33014,0,家里人洗了都突然好多头皮屑。,24.230332065278517
33597,0,买回来试用了，很失望，不是正品,3.431657656981919
47007,0,失败购物，物流，客服太离谱。,8.933218052505332
15273,0,声音质量很差，摄像头效果也很差,1.9779798202756445
39636,1,质量很好，颜色很正，不错不错,2.516144557755818
28274,1,很舒服是正品，比超市便宜太多！,2.9686218339775463
12601,0,不是很好 卡得飞起 很差劲！,30.584697326799933
46137,0,质量不好 洗了5水 破了两条,40.483822340956664
31012,0,不知道是不是真的 头屑还是很多,6.220854325639068
46207,0,太差了，图片跟裤子相差太远啦,12.609765476362208
58528,0,一般，早餐是不让人喜欢的，。。,8.663952879588106
46225,0,刚买的衣服上有个破洞，闹心。,7.04958997438151
17449,1,上次买的挺好吃，希望这次也一样,4.837325384687169
30697,0,再也不会买京东了。这都是什么啊,6.373225170131185
13607,1,好的就不说了，上面几位都说了,4.406156465755609
25537,1,到货真快，活动价格也很实惠。,3.7947231882230557
29695,1,物廉价美，值得购买，快递也快,4.023829281952696
41099,1,老公很喜欢 大小合适 面料不错,3.6740776818792624
27262,1,蛮好，挺划算的！但是没那么香！,9.630555568040279
38569,1,老公很喜欢了，裤子质量很不错了,4.920017773492813
39778,1,大小合适，价格实惠，不错不错?,3.588851233116837
46886,0,相当差劲，不符合实际，乱弹琴,14.858125610149653
26925,1,119买的，物流很快，包装好,9.248848562367083
47101,0,不好快递也慢还是旧的还有个洞,32.4162103579735
30797,0,假货，越洗越痒，还买这么贵，靠,19.93408385946146
3513,1,给老爸买的，目前用下来还可以。,5.164385457668142
9795,0,很差，待机时间短，玩不了游戏。,5.291801888656524
38103,1,宝贝收到了，很喜欢，质量不错，,3.3791377296632885
29474,1,很实惠，比超市卖的便宜多了！,2.0109209509474852
23733,0,酸苹果，再也不想在京东买水果了,7.843303876038626
7361,1,像素不错，很精致，挺喜欢的。,4.434278795673081
41969,1,衣服不错，没买两天就降价不爽,12.03692553334413
27243,1,不错，但发给我的可能是旧款的。,8.429649204561946
31287,0,暴力快递，包装特差。。。。。,15.544608699155162
18873,1,香甜可口，水份充足，物流快速。,4.22052369432431
35050,0,觉得被坑了，就这么*，心很疼！,14.227369759272467
31492,0,超级不好假的，洗了还长头皮屑,41.74253496495037
6680,1,还不错，挺好看的，物美价廉。,2.886764443496339
12122,0,才买两天，打王者荣耀就中途重启,10.4402686543904
4303,1,物流神速，手机还没用，用后再评,33.14705207662634
46887,0,与实际差太多了，失望失望透顶,12.790785474336708
34346,0,绝对是假货！用完头发毛糙油腻！,9.570602908310027
42682,1,很好的衣服 布料也好试穿很舒服,8.021484890846429
28391,1,宝贝很好，价格实惠，支持京东,3.3859438122692467
16726,1,又甜又脆，超级好吃，推荐一下。,2.7108116764072947
40655,1,质量不错，穿着很合适，值得购买,2.4075995514364723
20361,1,看起来就很新鲜，不错的一次购物,2.9288320265561345
39089,1,好好，正品估工精细，值得购买，,26.138557103895987
33642,0,送货速度挺快，可惜刚买完就降价,6.285558029410556
13449,1,操作简便，外形美观，功能实用。,2.7426141499070167
15779,1,物流快。香脆有余，甜味一般甜。,31.269478900125158
40306,1,没有色差，质量很好，手感也不错,1.9715513113021652
10809,0,购买后第二天降40元，不爽。,15.439988960750867
31865,0,严重怀疑是假货，用了过敏，慎用,4.4186728611736195
43167,0,掉颜色，很差劲真是搞的人不爽,55.57598169174312
32279,0,洗了头很痒，充分怀疑质量有问题,9.51171303304258
3421,1,无黑边，待机时间长，值得购买，,4.3138063142040295
44640,0,裤子还是不能在网上买，差别大啊,6.920710556749711
38874,1,裤子很不错，大小合适，面料舒适,2.5005914467113124
8462,0,不是说京东自营的都带发票吗？,5.4640074333280175
41991,1,满意 特别好纯棉的布料很喜欢,12.11554944938959
26106,1,囤货，保质期要到2020年呢。,35.84684465035122
46231,0,差死了，颜色根本对不上，太差了,5.622289653554787
38607,1,质量还行，就是有点松松垮垮的。,2.1758783957582915
29544,1,采购囤货，买少了，下次继续。,11.555032983763557
30810,0,快递送过来，已经漏了小半瓶了,9.639977630555325
38668,1,质量不错，尺码很准，穿着很舒服,3.0453301293028603
58922,0,床和被子比较潮，房价灯光昏暗,15.778857768839947
4491,1,帮家里老板买的，质量还可以。,5.748597653663611
7131,1,是正品，用着不错，感觉还可以,3.2612297432702033
26587,1,想要完美人生，就用沙宣洗发水。,7.8694157894640355
26100,1,一如既往的信赖京东 东西很好用,4.493331262854782
8690,0,第一次买到怎么差的东西 差评,13.73114426023319
42510,1,裤子不错，穿着舒适，有点弹性。,3.8351327930937478
19285,1,水果水汁多特别甜很喜欢买了很多,9.965177029111791
31851,0,味道太浓不喜欢。。。。。。?,6.737158639619385
36601,1,我喜欢喝，蒙牛酸牛奶，啊哈哈,12.803508652688116
28611,1,品牌就是品牌，没得说的，全五分,13.435985989276167
59113,0,很一般，乘飞机没办法，性价比第,5.888772634711837
7174,1,物流很好，用着很好，速度很快。,5.020630881661833
36051,1,蒙牛们造蒙牛，蒙牛实在太牛。,14.525654536754754
27442,1,别人推荐的说是很好用，打算试试,3.441626445021411
10512,0,太差太非常非常的差太差，差太差,8.023428397803821
30455,0,没有以前的好用，好像是假的。,6.020511671250149
37453,0,蒙牛真心不敢喝了啊 转发微博,38.18203384231252
57607,0,除了位置方便 再什么都不满意,7.01787639382938
39948,1,很好，穿着很舒服，下次还会在买,6.341707316303439
34275,0,洗发水还可以，润发乳一点都不好,4.81814590680739
32816,0,不知道真假，就连外包装都没有,3.6715135256752207
46775,0,质量垃圾价格也不算便宜，地摊货,10.639656790351166
11520,0,产品有些瑕疵，刚发现，看图。,5.973148268660028
24387,0,上当了，又酸又不甜，不好吃……,10.784464906254598
43941,0,不行质量太差了，线头超级多。,14.82619822131999
34723,0,妈了个蛋的 买了就降价 鄙视,80.86515934858069
33219,0,头痒，咋退货啊，如果能退就好啦,15.78207873370799
13718,1,"外型非常喜欢,不夸张,显稳重.",5.144327855341211
11754,0,用了一段时间，不咋样，修两次了,6.754242782948709
47096,0,买回来裤子掉色，摸着满手都是,10.77386822279909
13551,1,外观还是不错的，基本功能都有,1.8654981369029495
32078,0,用了头皮痒，而且还脱发，好心塞,11.154012420122935
14023,1,"外形美观,小巧,很适合女孩子用",3.0584855870248333
11493,0,对京东真是无语了.......,4.478312597308476
57048,0,照片跟房间差别太大 欺骗消费者,7.029670118826017
26500,1,现在还没用，不过活动相当给力。,5.329189708876547
14075,1,便宜，比别的同样外观的贱多了,10.217099659368609
44499,0,一般 偏大啊 还超薄 走光啊,53.77315858368469
57232,0,一句话形容吧：真TM是日了狗,14.73740364090607
35201,0,少一个100m的赠品，不靠谱！,30.665431900473028
40068,1,"裤子很舒服,大小合适,样式不错",3.1208351948230746
30180,1,喜欢沙宣的味道，包装很好，不错,6.226914315126848
42264,1,正品。跟我在店里看到的一样。,5.869591015463251
40592,1,大小合适 面料不错 颜色不错,2.373374309569907
32229,0,图案是一层包裹的纸，不值这个价,4.66807429002681
45523,0,大小不合适，商家电话没有人接,7.256150949999095
33670,0,不好，没有味，还稀，跟假的似的,19.793197617387982
37817,0,太恐怖了！怎么还有人喝蒙牛？,5.791729778543393
11689,0,物流太慢，手机不知道可以不！,6.494718184696387
35110,0,跟想的不一样，一次失败的购物。,19.704928247567857
43525,0,裤子太差了，穿一次扣子就坏了,11.429941387785506
20132,1,好是好吃，就是有些，太小个了。,15.731527935672586
38559,1,面料不错 质量不错 大小合适,2.3465977013630455
46357,0,质量不行，才穿了一个月就破了,5.899995753874719
32978,0,洗完头发都硬邦邦的又干又澡的,8.296756596315294
28292,1,好用，一直用这个牌子的洗发水。,3.639471604461531
19341,1,多次购买，便宜实惠，苹果不错。,8.37657220335587
33708,0,护发素用多掉头发 建议不要买,14.197536795006908
20730,0,个头小了点，除了方便，一无是处,6.606732905629154
34860,0,假货来的，跟之前的完全不一样。,14.271315185997864
44270,0,太薄了，与图片不符，价格太贵,3.4978577335814527
10502,0,还我6g垃圾客服只会叫我评分,45.10428955629658
44849,0,质量太差了，洗一次就起球了！,3.961266626365189
30568,0,真垃，圾 买过东西 8天才收到,140.36670199977974
44688,0,非常差，买的黑色发回来不一样,15.926503788206942
30544,0,不怎么好 那个沐浴露都一团团的,10.5135737395771
44047,0,两天就破了。。。。质量不敢恭维,4.986966045977502
47836,0,质量不好 才穿一个星期就开口了,13.920436106208328
34963,0,质量差，洗着头发还痒，根本没用,11.220360417156394
35430,1,品牌的服务真的没得挑剔！！！,6.348042730054149
41517,1,物美价廉，很划算，质量很好。,2.000814645775147
12148,0,刚买几天就降价，真是让人不爽,5.243667920914386
30856,0,不知道什么情况，头皮真的好痒的,4.986524944818054
47465,0,不是很满意，衣服面料太硬了。,3.357563698273802
5044,1,很好的平板 超好用的 外观好,6.644232492791433
16084,1,送货快，包装好，苹果好吃个头大,5.701465739120275
17104,1,物流很快，商品很好，服务不错！,2.2408705619389986
38456,1,物美价廉，真的很好，还会再买,4.114629204758559
12245,0,才玩几天王者就开始卡了，差评,8.787436877066062
46598,0,质量跟不上，感觉很不值这个价,3.6983721244986243
11195,0,终于见证了买后就降价的事了。,8.010430839754802
42330,1,不错 很喜欢大小合适 质量很好,4.490881436950287
32204,0,假的，用完之后头发特别干特别涩,7.153252676102507
28889,1,用着还不错，挺喜欢这个香味的，,3.809148840102528
36350,1,蒙牛生命力真强，让我感叹不已!,13.464277040194577
3848,1,挺好的 第二次购买了 好评！,11.274259285500976
6618,1,大屏看着不错，使用了一段时间,2.9242855223978568
33267,0,垃圾。操伱妈。欺骗，，，，，,17.078387222939476
41621,1,质量很好，面料不错，大小合适,2.167263201037316
4951,1,第二部了大屏耐用。华为真不错。,22.465011909622525
42653,1,妈的这么L号这么长，穿裙子啊,48.62466104712493
5292,1,性价比高，非常好，送货速度快！,2.6748720927023726
11090,0,价格变动太大，买贵了，不满意。,5.458653443277642
34990,0,假货，假货，还被老公笑话了一顿,13.251203614858088
11385,0,非常不好机器用起有一大股塑料味,17.09172183585516
29908,1,第一次买沙宣洗发水希望好用哦,9.345770645370525
34213,0,京东就是个大骗子，欺骗消费者。,3.0829434273749143
4605,1,做工精细，2K宽屏表现细腻。,6.809966853231142
5018,1,宝贝很好，价格也很合适，好评。,5.0849274538182545
58584,0,餐饮很差劲，牛排又贵又难吃。,4.321550337500105
46362,0,什么质量，太次了。边是扎斜的,42.58992636982757
36049,1,蒙牛的这个牛奶名字很牛逼啊。,5.264654037601829
43847,0,只能说不喜欢，不喜欢，不喜欢,2.473694941183663
31144,0,不多说，不解释，一切皆在评分中,7.804914164030359
27451,1,产品很好，价格公道，物流也可以,2.390393060307514
27158,1,大牌子，价格实惠，真不错！！！,6.7414667528572005
29888,1,洗发水我只用清扬 一直支持 它,16.265376147719834
6720,1,小平板还可以，通话平板方便，,6.550604307390713
5217,1,送货速度给力。大小也非常满意,5.469467853822246
27315,1,活动买的，挺划算的，一直用潘婷,10.590818190689024
37790,0,蒙牛怎么老出状况啊？严重抵制！,14.554007413290723
6568,1,送给妈妈看视频的，尺寸正好合适,6.14743951868069
42612,1,商品很好，质量不错，面料很好,3.970555410171917
20703,0,物流快的，可是水果里面是坏的！,12.241492523173635
45654,0,穿了一天就起球球，垃圾扔掉算了,17.285053810941054
6214,1,价格实惠，质量很好，值得推荐。,2.55174402810667
16864,1,苹果?品质优良，味道还可以吧。,5.099051328476318
42296,1,宝贝很喜欢 质量不错 物流超快,3.5358046143846456
39400,1,质量还行，京东快递速度也可以。,2.7015493810213074
35205,0,京东太坑了。双十二比平时还贵,11.760653974357057
4344,1,很漂亮，不错的平板，还可以！,3.1215328250896066
32058,0,看图，懒得解释。京东越来越烂。,11.899327196156241
47592,0,买的太小了，退嫌麻烦，算了。,33.35230597668588
28947,1,刚刚收到…觉得送货速度没的说…,6.610860730922774
14877,0,"功能不行,容易死机.售后无保障",6.4895453363536495
12581,0,买了一个月声音就坏了，差评！,8.07814646345578
37798,0,上当了好难喝蒙牛优益c记住别买,59.42906343728022
16968,1,挺不错的苹果，包装结实，物流快,2.9013014696266493
46647,0,无语了！超感被骗，千万别上当了,11.4024659894694
33737,0,假货坑人！洗完好痒!都扔了！,52.31569406314713
17590,1,苹果小，但味道不错，给个好评吧,3.0979108221044043
18397,1,苹果的颜色很正哦，又脆又甜的！,4.664276473611623
45822,0,后面那个皮带扣没穿两次就断了,10.730591069353896
17594,1,买着送人，很新鲜，又追加2箱！,25.267715770505546
5699,1,京东自营产品买主放心相信京东,8.49479667645563
8283,0,看了一个小时左右眼睛疼！！！,6.924440894368807
12576,0,屏幕有坏点，客服不理人，垃圾,7.414267257943588
47488,0,太差了，和路边*的没区别！！！,20.28193930824247
14531,0,就是声音太小，外壳容易脱落，,3.2040653774223804
45383,0,垃圾中的战斗机。为什自己看图,37.68338381632887
40269,1,很帅很好看很舒服，关键还不贵！,2.380103491522724
29496,1,沙宣的东西不错。一直用。。。。,7.85660685033535
33189,0,差评，差评，货都漏了，满手都是,13.757806144081762
12312,0,坑。昨天刚买，今天就降价。差评,13.483578771754171
32889,0,不好不好不好不好不好不好不好,2.000843715283674
42902,1,裤子有型而且很舒服，真的舒服，,2.750836813085244
10481,0,才买两天调价到899了老子郁闷,71.78073812813548
4101,1,很好不错，非常满意的一次网购。,3.670488631747585
33037,0,我的赠品哪去了，不开心，差评,22.1969359496043
6242,1,给女儿买的，华为的应该可以的,5.002946949445524
4086,1,手机用着挺好，送货员态度也很好,4.915725485617038
41686,1,质量很好，就是尺寸有一点偏大,2.142579611764009
17849,1,苹果酸甜可口    味道棒棒哒,3.7722570460483085
5809,1,使用后在做评价，期待棒的礼物,20.027430936013108
15241,0,通话质量很差，很容易自动关机,2.5515735712658802
38496,1,宝贝收到啦！质量不错，非常喜欢,5.008940021481005
4763,1,机器不错，手感可以，运行流畅。,3.01553115424676
25689,1,收到了感觉应该挺不错的好评！,6.04636759287914
12444,0,买手机不给耳塞是不是耍流氓行为,14.751190869086608
41635,1,很舒服，很合适，就是赞到不行。,5.155175312669999
9896,0,早上刚送来，晚上就降价300,11.21596991491699
33049,0,很好?值得购买，价格很优惠。,6.547121278059108
39368,1,料子特别舒服，颜色我也很喜欢,4.127166133822232
47236,0,质量差。。。。。。。。。。。,4.445834892626014
6884,1,性能还不错，照片像素不是很高。,2.635492616809925
45761,0,快递非常快真的点个赞一个星期,6.086879963647394
46575,0,垃圾裤子 一股胶水的刺鼻味！,12.868526270067235
23452,0,里面有坏的，要是自己挑就不会了,10.321499219118618
31609,0,涨价没意思 包装都省了 很差啊,32.51955287171023
31316,0,别买了，分量比实体店少很多很多,8.056025773692244
26657,1,可以的，很实惠，相信我！！！,5.520595275218469
59910,0,管理、服务好像没有原来好了。,3.757558539222557
29859,1,好好好好 挺满意 一直用京东,15.29326180862993
34167,0,不好用，有股异味………………,5.435385444255315
18643,1,京东快捷方便，此款苹果超级好吃,9.216257436538967
30168,1,没哈效果，头发没那么油腻是真的,13.210625481931029
35263,0,头屑过多，我不适合，下次不买了,9.2000787277592
3556,1,很不错的，快又便宜，值得一买,4.651020143164619
60107,0,优点就是离机场近，有短驳巴士。,5.827118074391655
47544,0,一般，跟图片上的颜色差距很大。,5.293627720330062
15504,1,苹果有点小，虽然很甜，很好吃。,3.7283422640637456
41575,1,衣服质量不错 ，穿上很舒服。,3.051334404610288
31979,0,用后一天内头必痒，还不如不用,17.508755236960145
40987,1,质量颜色都差不多，老公挺喜欢的,3.262562490783632
9965,0,刚买完就降价！太过分了吧！！,5.129522966205863
4466,1,华为的东西品质好，值得信赖！,2.031367860448899
6498,1,非常的好用，速度很快值得拥有！,1.8209957746216023
12320,0,物流6天才到，没发票，没顶针,36.03308332812195
31271,0,不怎么样，感觉没一点效果，坑,8.665787415515949
44985,0,这次购物太失望了，颜色差距太大,3.30244290274686
34753,0,"洗了头发很蓬松,一点都不好梳",8.84600998041998
11466,0,卡得一逼，开个UC和迅雷就卡死,12.058770157927988
32360,0,不怎么样，全是头皮，一点都不好,9.310087607212765
24635,0,烂苹果，恶心，京东最糟糕的购物,5.9009247766940875
12024,0,就是一个大点的手机 大家都别买,10.25416863558627
29673,1,第一次购买沙宣，试过质量很好！,6.52221029815006
59760,0,离机场近，有车接送，半小时一班,2.2388128254900206
47155,0,退货退货，没办法，这衣服太皱了,4.4522008148145185
30189,1,物流挺快非常不错非常好非常好用,6.026281156225444
34153,0,不好 用后好多皮屑，而且不控油,21.873307917643707
44298,0,好丑，以后不能在京东买东西了。,6.0078792994959604
41766,1,包装好快递快有些松大质量一般,20.278332265215454
32131,0,总之就是，不会再买这家的东西了,3.7292905383639416
5898,1,用了一段时间，还可以。很好用,2.3470776717207182
31806,0,买完一个星期瞬*，我真的服。,57.72380134806482
28802,1,很好，早上下单晚上到，两大两小,6.875760967183521
15775,1,还可以，还可以，还可以，还可以,1.6782471138332786
42402,1,刚收到货，快递很快，质量很好,3.1636128605053897
38263,1,穿上很舒服，很满意，质量不错。,2.9408044674848655
43955,0,穿一次扔了，各种沾毛，黑变白,30.914524905564424
31772,0,一般，用后头发油油的，不会回购,18.546879387962882
42709,1,买大了一号 不过可以穿 很喜欢,18.445073317823866
43427,0,穿一天就烂了，洗一次就起毛了,9.743157716613176
26475,1,一直都在用！清扬大品牌。高质量,7.974508957820766
32520,0,假货假货假货，跟屈臣氏买的两样,8.075789450751886
46461,0,万恶的PS，蛇皮袋的质量……,25.70145514901294
34299,0,突然觉得也不比零售便宜 上当了,10.53385703896712
3920,1,非常好用的平板，老电影非常棒,6.599094175889797
45400,0,第二次买，跟上次差太多了，差评,6.376708661434055
44291,0,掉色严重，洗了好几遍依然还掉色,4.080084730394687
42293,1,东西好 价格还便宜 性价比高,4.0649952870377275
30553,0,洗了好多头皮屑哦、、、、、、,6.4374706263376416
31971,0,一般般，快递员换人，态度恶劣,7.100675492548263
47469,0,差评，真的差，差的和图片太多了,10.253812984722808
42496,1,第二条懒得评了，不过真不错的，,8.717855750458636
27956,1,经济实惠，这牌子没得说，赞！,3.2538171227617654
4256,1,包装很好 不像其他人那样烂烂的,3.9650890549507007
17513,1,很好吃，搞活动还便宜，会再买的,6.529851412727358
41307,1,裤子质量不错的 穿着挺舒服的啊,4.0978495674764295
16910,1,一直是吃这款苹果保鲜的不.错!,41.76666788721645
39369,1,大小正好，质量不错，老公很喜欢,3.3127923294659243
35207,0,不满意，因为东西拿到手是坏的,5.776890213591528
6331,1,华为的平板非常好用，比苹果好,2.0586035197139654
27435,1,应该用不错吧！买这么多用哈！,16.877779014170045
46239,0,物流慢，裤子颜色与图片严重不符,6.55862403183873
28751,1,还可以，不错，喜欢清凉的味道,3.176714235837815
5791,1,第一次用华为，主要是信赖京东。,3.7967550450505154
44846,0,差评，发货还得一直催货才发都快,35.63452620758137
12696,0,屏幕有一个坏点。。。。唉！！！,17.492945313433527
17679,1,又大又好，很好很好。吃了再来！,6.424291093020009
40337,1,刚收到，看看去，挺不错的。，，,13.957300530827837
46643,0,不太理想，一般般！有点失望！,2.7723770089543067
5171,1,很好 很强大！！运行速度飞起,6.4147578837567
37799,0,蒙牛伊利 写的吧，，，扯淡 哎,94.64499579804036
39456,1,不错，，去年买的一条还在穿。好,16.837322069925733
7579,1,老板的货，正，好评，感谢京东,20.202241688353514
42646,1,南极人夹克衫不错哦，防风保暖,11.22837009547886
27591,1,活动给力两桶比超市一桶还便宜,7.81137534581081
31977,0,差评，里面的洗发水都漏出来了！,7.50596098622863
9427,0,平板从买了开始老是出现黑屏！,7.079891743646015
41499,1,感觉还不错，不知道洗洗怎么样。,5.081189608493824
30174,1,看着不错，还没用，一直在京东买,7.4307452225596125
18450,1,这个东西很好吃，大家都很喜欢。,2.0306918406985566
29656,1,非常非常划算，估计够用一年了,2.8575463603644433
25617,1,促销套装，价格实惠，使用方便。,2.496587983866042
19148,1,水果新鲜送货快，继续支持京东！,3.2938569995397735
12464,0,背面不平。凹凸不平。。。。。,10.797990969617242
60380,0,环境不错但是设施太旧，服务一般,3.401489046269291
27310,1,我喜欢用所以总卖洗头发很好用,16.46060002929232
34935,0,洗完头发很干燥不知道是不是正品,4.537017616375381
42715,1,很不错，价格便宜实惠，很舒服,2.255827000378336
38661,1,穿上很舒服，大小合适，相当理想,2.346574461884289
34348,0,1*的是同样的东西呀，无语了,26.234074165863824
33732,0,购买后还未用，代用后再来评价,15.699215497532899
47621,0,太薄太透，版型太大，不够修身,4.527867494740969
39110,1,大小合适，面料也挺舒服的，好评,3.7845389755465573
27193,1,看起质量还不错，等用过在追评！,21.742010809012076
37778,0,挨忽悠喝了半盒过期了一年的蒙牛,39.042136340068645
8831,0,看视频闪屏，更换一个还是如此,20.329388140884184
40359,1,超实惠，样式也不错，下次还来,5.123216376298029
61477,0,环境还行，就是餐厅服务态度很差,2.09852456683506
34369,0,感觉不怎么好 用着像是a货。,12.709201935597308
10310,0,像素太低。不清晰。没有想象中好,3.157539905133868
59895,0,如果不是非常需要，不建议选。,4.0724583595819155
9270,0,一般，，，，，，，，，，，，,3.6229006018089573
18520,1,分量足，甜脆好吃。买了好多次。,5.168500575157397
36922,1,我喜欢demom制造的蒙牛奶,37.58164962882883
12805,0,垃圾。。。。。。。。。卡的要死,5.39257905180005
26459,1,非常好，一直用这个牌子，挺好用,2.9595306724898665
27260,1,挺好的，正品，喜欢效果不错！,3.198999187310394
32330,0,不好用 好油啊 太失败了 灰灰,26.841373486122034
42721,1,还可以，价廉物美，比较合身。,3.7407654859864374
14351,0,"爱死机,容易进灰尘,后盖松动,",10.201052933168585
40646,1,裤子穿上很舒服，质量也不错。,3.093773782816543
8892,0,还不错！只是收到价格就降了。,6.346348685687531
39716,1,第二次购买，很喜欢，质量不错。,2.5693126779181616
40729,1,质量很好 穿上很舒服 大小合适,2.457659503244804
47468,0,给一个星就可以了，偏大，偏大,11.472718325516853
17351,1,味道不错!物流给力!性价比很高,2.2654463021630784
8894,0,差，，，，，，''，。？？还,21.10503972461864
40015,1,做工不错，穿着舒适，价格公道。,2.803812620324018
18616,1,东西还不错.不用跑超市了.方便,3.8633061418145505
42691,1,很好很好，尺码合适，衣服不错。,2.523912223350743
32142,0,没有上次效果好，洗发水太稀了,10.048357668868508
42401,1,裤子太瘦了，简直就是缩水的裤子,4.25798110823606
8550,0,太差了！就一个手机什么都没有！,3.921505801235329
5903,1,东西好，小孩喜欢，物流快，赞,7.018970840706226
34388,0,这样的包装也是够了。。。差评,10.102083690444926
15264,0,"没有红外和蓝牙,没有关机闹钟。",9.561479572864528
33136,0,感觉买到假的，洗了全是头屑……,9.080729424987295
42487,1,挺好的，穿着很保暖，容易清洗,2.2791015592936503
41439,1,质量不错，价格合理，发货迅速,2.4163383191939456
37618,0,不会是蒙牛干的吧 严惩真凶！,64.81801760358974
45274,0,我买的的裤子在哪？还是三月份的,11.885490726228204
33926,0,用了之后很多头屑，泡沫也不丰富,4.954032869060405
9319,0,声音小，画质差。真心不推荐购买,4.539402327335152
42239,1,可以，舒适，不过有点长就是了。,8.060697120146989
8210,0,刚用就打不开，晕怀疑不是正品哦,16.29571444318061
34389,0,差评，有一瓶漏了。。。。。。,27.084077926917665
6098,1,手机贼大，照相清晰，价格实惠！,6.772446713001555
42088,1,好喜欢，下次还会买，真心好穿,8.237805015402559
4640,1,给儿子买的，他很喜欢。还行吧,3.526131519165606
17187,1,不错，下次还会再买的，，，，，,3.8101189559079214
8066,1,除了续航能力差之外，别的都好,2.843841439750379
38665,1,宝贝已收到 质量很好穿上很舒服,5.566776989890451
3230,1,还行吧，，，，，，，，，，，，,4.237247063078801
42234,1,质量很好！质量很好！质量很好！,1.401978265862509
45649,0,质量不好，很失败的一次网购！,6.941748416039651
4527,1,物美价廉！！！…………………,3.6510175831202463
43114,0,我只是讨厌京东这样的强制晒单,7.372668757694564
38046,1,裤子不错。不硬。上身效果棒棒的,6.277470569734646
25867,1,物流很快，很喜欢，一直用这个的,4.469755090355959
34751,0,啥都不说了，假假假假，，，，，,3.3564807158110392
44129,0,裤子不是全蓝，居然还有白色。,10.516514110433404
36062,1,我觉得还是蒙牛特仑苏最好了……,21.539050130211773
43247,0,快递太慢太慢，慢的我不想多说了,7.729460711077224
42288,1,挺不错的就是腿有点粗，哎，减肥,3.20237196475634
14424,0,"无大的优点,外表一般,太贵了",10.488078370531884
33530,0,东西不好，快递跟蜗牛是的…太差,69.1008693073399
3947,1,还不错。老人家用来看电视挺好。,4.229293733533359
34387,0,洗完头痒掉头发丢掉了，呵呵呵,23.781410993962137
40615,1,还不错，性价比高，面料不够软,6.084121628340406
30699,0,一点都不好用，不如清扬海飞丝,53.49969429009124
18611,1,还没有吃，回头补评！个头不大。,13.815472240869173
41627,1,很好，穿着很合身，质量不错！,2.746017756339955
27972,1,年中囤货！买了一堆！哈哈哈哈,5.3823524278499075
16152,1,和超市卖的差不多，没什么特别。,2.782721592953972
36577,1,蒙牛红豆雪糕，味道还不错~~~,9.098382037336044
45863,0,衣服一般…不值这个价?????,9.434531348065518
36050,1,发现蒙牛的缩水版原味也很好喝,13.973169885775427
57195,0,公司组织员工去学习的，一般般吧,5.2832444797636136
40444,1,穿上很舒服，面料不错，蛮好的！,2.917059303952405
42784,1,书很好看，物流也很快，值得购买,2.7767363194978945
46068,0,垃圾正中垃圾，布料差码数偏大,43.41521117825421
30948,0,感觉跟超市买的有区别，不起泡沫,5.498457811780468
45117,0,非常差！，，，，，，，，，无语,5.488902724681251
43380,0,完全穿不下！尺码有问题！扔了,7.960350433455252
39895,1,很好的一次购物。东西质量很好?,4.8156000214516945
30073,1,价格优惠，发货快，下次继续。,3.9629813552222384
37984,0,不小心买了瓶蒙牛！罪过罪过……,4.940534234275013
41084,1,很喜欢。给卖家一个?。推荐买。,14.731040170102565
38846,1,可以比较喜欢，以后会多多支持,4.745191853660416
39930,1,质量不错，版型也喜欢。做工精细,3.6234391131438386
29852,1,"刚收到、看起来不错、还有""赠送",8.862460515589614
33186,0,洗了头发不顺，也没有什么香味,5.90218212131565
32765,0,还没用呢，用了在告诉你们效果,8.333758808365188
11582,0,不多说 觉得很垃圾 问题很多,4.43176803690966
20895,0,太差了，你们直采的标准真低呀！,23.014046778848904
3506,1,只不过系一部超大的华为，好用,33.65847897049322
13853,1,40和旋，铃声大，键盘手感好,36.63400691885121
36644,1,伊利的奶砖没有蒙牛的好吃。。。,14.68762182029424
42403,1,裤子很不错，弹性好，穿着很合身,2.681706970153914
39812,1,宝贝质量不错，很喜欢。好评。,3.879704184270565
39102,1,衣服质量还不错，老公穿到合适。,8.499448115411004
26638,1,一直用这个，感觉非常好！！！！,2.573721359291218
7772,1,不可以打电话，不过还挺好用的,3.7014932601616586
47387,0,衣服还可以，就是上面破了个洞,3.046339554989195
45454,0,东西真的不想说什么了 地摊货,7.230069014316493
61740,0,早餐种类不多，在航道上比较吵,10.130494580962303
42732,1,还行，挺好的，挺薄的，有点透。,5.736533843640374
61154,0,Wifi上不了，网线也不行。,10.038816857662088
3499,1,给儿子学习用的，保护眼睛，还行,3.6962786304609767
5296,1,物流快！宝贝挺好用！好评5星,7.592027414381156
5307,1,给老人买的，打发时间，看视频！,5.498340899678998
31031,0,货到了电话都没通知放下就走了,16.789264638110648
41596,1,不错 面料好 质量好 款式新,3.238367525698514
3330,1,好好好，好好好，好好好！好好好,2.0407088162430767
46327,0,比上次买的薄了三倍，真是够了,6.7290142549976375
10161,0,这是不是二手的，机子上有划痕,8.875406050516055
33435,0,贴牌标的，洗了两次全部是头屑,30.54545639769096
38667,1,性价比超高的，质量第一，好东西,2.4590303259091546
18115,1,苹果质量可以的，就是小了一点。,3.6891724144552445
6857,1,不错，相信华为品质。性价比高。,4.230595748452035
8921,0,第一次给JD一星，真的生气！,13.2698153162571
34704,0,好好好好好好好好好好好好好好,1.91951883447456
7137,1,都羡慕我手机大，哈哈，确实大,5.624905824266165
33033,0,痒死了。洗完就痒 难受 假的,28.545763954129512
11372,0,垃圾产品伤心的购物，谁买谁后悔,7.8699974828660695
58378,0,设施老久环境一般，性价比不高,6.278930417949235
41844,1,不错不错，简洁大方，尺寸刚刚好,1.9102939298436863
45353,0,差差很差发货速度超慢质量很不好,19.499500616073384
29556,1,很好，挺实惠的，一直在京东购物,2.7610406875031095
17051,1,小贵，但苹果很新鲜，口感也不错,8.062484734557355
31596,0,假的，和正品的味道完全不一样,5.379471723972215
4888,1,很好的机器，使用方便，性价比高,2.2165774054736205
36058,1,蒙牛新出的香蕉有机奶很好喝啊～,8.795631017547349
19972,1,物流给力，一天就到了，苹果很好,8.080710425913106
41278,1,好，是正品，质量很好，很暖和,5.751559196736442
41711,1,质量不错，很喜欢了。谢谢掌柜。,7.7290490416051725
33914,0,说选15号送货 送京豆 骗人,763.5348563206853
47214,0,东风太差洗一次给麻袋样不喜欢,126.96775414001162
28808,1,活动的时候，真的便宜到没朋友,4.000763560230355
57094,0,没有什么可说的 酒店都是一个样,5.937484571825222
9193,0,刚买的就降价 京东你行不行啊,17.093089513475448
3381,1,荣耀平板电脑不错国产品牌就是好,4.70297667971646
39027,1,质量不错，卖家推荐的尺码也合适,3.730121446334864
45705,0,便宜没好货，买完就降价。。。。,6.727484719609446
18970,1,哎呦哎呦哎呦不错呦！脆甜个大！,14.202802653327312
32625,0,买货不发货，垃圾，快递也垃圾！,6.267233531516712
44904,0,你们快递收件要付费？服务差？,6.71968354503882
4469,1,帮朋友家的孩子买的，说是不错,4.000493638898174
30271,1,很划算京东的东西就是好???,6.839057527216455
45687,0,真心的没话说，坑的不要不要的,6.698241427220691
12164,0,内存小了，想退货不知道了可给退,49.623193820310476
30637,0,刚拍完两天就降价了、不多说了,8.408291050334663
29041,1,包装棒棒的，划算。下次再来买,4.978284435616575
35814,1,很好，给爸妈买的，他们很满意,3.619246277657167
59208,0,管理差，隔音差，厕所异味浓！,4.810496023426531
32949,0,质地太稀，不是正品，不会再买！,5.902292853920634
43075,0,真垃圾 刚买回来洗一下就开线,22.29063054619029
30602,0,到货竟然坏的，竟然没有客服！,13.254733261691154
3842,1,用了两天，没什么问题，算可以吧,4.212118785050034
45294,0,垃圾倒爆！后悔买这玩意儿了！,15.506326018418335
30529,0,假，假，假。京东你这样做合适嘛,9.745186775154604
29588,1,挺好的，一直用滋源的产品，不错,6.4752070950573275
59145,0,很简陋，早餐也差，这个价太贵。,11.203088113228198
44545,0,领子没有弹力，穿几天就泻松了,26.09062663099459
30927,0,假的，骗人的。洗的头发一直掉,12.358051942260825
30717,0,包装很不满意，瓶体有磨损痕迹,3.809088582459079
28963,1,套餐特别实惠 很好用 值得购买,4.6313664437485045
35142,0,脏了！！！不知道为什么那么脏。,9.176234843196417
31288,0,根本没法查询真伪信息，很失望,7.184123556861121
43587,0,颜色感觉太旧，感觉不值这个价吧,7.443544318291269
43683,0,真垃圾，一股异味，快递还慢，,11.337684024998445
7935,1,屏幕大，很好，非常实惠非常不错,3.1001908839756553
34527,0,这瓶到货已经漏了，漏的到处都是,11.450561904402692
60133,0,房间一股发霉的味道，不建议入住,3.6990847976514614
32183,0,非常愤怒，才买几天就对半减满。,78.48567956796654
11193,0,刚买第二天完就降价！太过分了！,6.537890500504335
7196,1,还行，小孩玩游戏，看视频都可以,5.184897498231089
6755,1,物流很快，店家好，商品物美价廉,3.60575063932031
44299,0,差评，买回来就这样，做工差。,7.357033570248186
46040,0,宝贝起毛特别严重，看质量也*,32.22297707906392
46047,0,衣服像老年人穿的，跟雨衣一样。,6.066884498322339
13554,1,我的1770两电一充数据线和盘,64.28730686010522
25966,1,老婆说还是沙宣好用，味道也不错,7.353485128993793
20179,1,多次购买了，一如既往的好吃啊。,4.797509723225023
10750,0,各种卡，就一垃圾货，买的想好了,49.74199367981028
46204,0,差评，这么久才发货，最差的一次,6.898759238452659
16115,1,苹果不错。好评。以后还会再买。,5.4526180600890575
43822,0,货很好 物美价廉 快递也迅速,7.056169032239214
47432,0,要的加绒的，里面没看见绒！差评,36.89097693693088
33492,0,买的是假货，洗了都打不开头发,8.057121540429447
41199,1,裤子质量挺不错的 穿着很舒服啊,3.4655227005239024
45473,0,衣服透明的，也是偏大，不太好,7.2028815866803955
28367,1,价格美丽，送货非常快，赞赞赞?,9.253887976848452
40310,1,还可以，就是希望物流发货快点,5.430069052550238
30620,0,感觉洗起没什么用呢，差别很大,11.505358359057851
13483,1,我的大概用3天，一直不关机。。,11.823609436106235
38539,1,尺寸有点偏大，质量还过得去吧。,2.5702070777967734
5643,1,用几天了，还不错吧？速度挺快,5.9161781379852485
44345,0,裤子质量差极了，布料跟麻布一样,4.359156614090974
9212,0,屏幕发黄，已经贴膜了，懒得换了,3.7180213670231197
59086,0,比较老的饭店了，硬件有待提高。,5.626483126675232
19229,1,物流很快，快递哥辛苦了…………,4.919072898350084
4667,1,很好，这是第二台，买来送人。,6.62011219478984
16837,1,很好的苹果，一直在购买这个品牌,3.5902754011650617
44251,0,好掉色，全身都黑了，第一次穿,7.557072987231406
42507,1,衣服不错，售后也很满意。支持,3.3575789561651876
19115,1,还不错，挺好吃的哈！呵呵，好吃,3.1547225519662407
44785,0,不是小脚裤吗？怎么裤腿那么大,10.001741059900864
29374,1,上午拍的下午就到货了！还可以！,3.146201396380098
38086,1,质量很好，很喜欢，价格也划算。,2.623978974924001
3172,1,不错，性价比高，当备机很合适…,6.076934897229816
11287,0,分辨率极低，有时图片都不清楚,6.222491969857232
36660,1,蒙牛、京东商城的存在是太合理了,7.8642106564939045
35435,1,物流慢，没使用，看外观还凑合,10.428820392724804
24309,0,完全不是开始卖的了，一点不好吃,7.66097103561666
37783,0,蒙牛这黑心玩意，扩散是必须的！,16.805364041215757
58131,0,早餐差.设施陈旧!咋都不值!,22.272130802019507
38525,1,质量不错 大小合适 孩子喜欢,2.3590231046426133
34571,0,东西不太好，有点被假货的感觉。,6.78893994212681
38483,1,大小合适，面料不错，穿上舒服,3.0850788952918187
46680,0,这个裤和图上有差距，比较垃圾！,7.641228173725715
38142,1,宝贝收到了，很喜欢，质量不错,3.564934325616311
41011,1,裤子质量还是听不错的，很喜欢啊,7.689581528821561
32467,0,说好的去头屑呢，用了之后更多了,7.7223945798200235
36607,1,香草冰激凌，蒙牛的，喜欢滴。,12.06210964129862
41096,1,面料也不错，款式好看，非常喜欢,1.9953698238737403
27126,1,试用了挺好，顺滑不打结，是正品,9.016109606876077
11739,0,破手机，给别人买的，质量太差了,5.890303060177533
12125,0,超级慢的。好几天到的。不好用。,11.851468655200604
6056,1,用后再评价吧，现在还没有用。,7.634740381498967
42967,1,面料不错 穿上很舒服 大小合适,2.351697615737213
43786,0,同样是掉色很严重，非常不满意,4.197333688745708
7693,1,用了一段时间，非常流畅，值得,2.979206251229092
31758,0,说了送沐浴露没送，不讲信用！,14.694852990934685
6195,1,没得说，这个价位好到不行。。,10.675927012603351
47569,0,差评差，差差，差，一个字还是差,14.180211195152804
15844,1,速度超快，态度超好，品质超好！,2.4715745703871153
19236,1,送货速度快，品尝夜不错，好评。,16.118455029213163
47766,0,一般般，和摆地摊的没什么区别。,4.540483174356734
15511,1,还可以，随便吃吃，有品牌的放心,6.318588705489286
35597,1,东西很好，很安全，服务也很好,2.5620364012520347
6699,1,用着还可以，就是金色不是太正,6.149903111767118
26023,1,没什么香味！强健发根，希望有效,7.072121162035223
45990,0,我买的黑色…发来的黑色带花…,16.64498112245307
44032,0,评价晚了，图片都换了，无语了,12.352380348992643
3589,1,华为品质不错售后离家近！！！,7.580810499061124
5739,1,手机不卡.比自己在用的好多了,6.789640146589868
16835,1,不好，一点不新鲜，样子到挺好看,22.341014856767295
41192,1,做工精细穿起来很舒服，质量很好,2.5828159739900074
8541,0,用两天微信就卡住不动了……无语,8.474402680854165
45130,0,不好，小了，快递员太度一点不好,51.278936864616576
28439,1,买了两套，划算。还送了一瓶精油,6.2433257759707
42400,1,穿起来很舒服，愉快的一次购物,2.9391401143327602
33762,0,不是套装吗？ 怎么到货就1瓶？,19.197429231280058
29632,1,刚收到货，还没用，后面再来评价,7.283761748915751
25648,1,618=囤货，反正比超市划算！,18.220583258167792
12562,0,垃圾中的战斗机 刚买屏幕就坏了,6.772094267766122
42093,1,不错哟，很好的款式，质量很好！,3.1333758559652294
4163,1,京东自营，应该不会差到哪里去。,3.3814513857925466
40498,1,没有 刚好 挺不错 质量不错。,11.29441488924887
47785,0,你马28的腰比别人30的都大，,44.25357500413233
44160,0,很失望，?一看就是很廉价的那种,9.777378823071986
33407,0,都碎了，三瓶都碎了。怎么用！,19.759263365668343
42916,1,衣服不错穿上很舒服，老公很喜欢,3.282479369104258
12615,0,收到两天啦，手机质量暂时安全。,17.795103482125707
28148,1,挺好的，一直用这个品牌，大爱款,6.615432308008378
37815,0,好恶心哦，以后再也不喝蒙牛了,10.292562242248968
6272,1,给孩子买的，学习用，还不错。,2.794504236163559
8063,1,高端大气，性价比高，电池耐用,2.88568778214499
44237,0,差太多。尺码也缩水，差，差。,14.994396239500738
60008,0,有霉味，房间较小，服务态度一般,9.164784597659128
4496,1,挺好用的，每晚都要玩玩才睡觉,5.382221983774042
46984,0,太差了。绝对不是正品。上当了。,4.333962394088337
14772,0,信号质量差，中间会有死机现像,10.422822880784253
40614,1,很满意，第二次购买，以后还会来,4.548802192825768
35650,1,送朋友的，很满意，美的服务好！,6.082841898274111
47309,0,买来只能在家晚上穿了，当睡衣吧,10.203397965773506
41155,1,宝贝不错的，穿着舒适，5分！,8.316561960017278
41551,1,帮朋友买的非常喜欢需要再来。,8.125719845581166
3772,1,很不错的，看电视玩小游戏都不错,3.627036004302128
18192,1,第二次买这个苹果了，好吃，不错,4.90890343445471
32329,0,还没用但是这个送货素质真不咋地,18.158918851986364
31362,0,不要被图片迷惑了，东西太少。,3.3857136500127316
25920,1,刚收到，还没用。以后在评价。,10.999502677374247
45408,0,非常不满意 质量简直太垃圾了,3.161160966941884
11844,0,用了一个月内存就读取不了，垃圾,3.4983524907843586
31709,0,太能忽悠了，实体店300g才*,55.452187365410424
40977,1,很合身，很舒适，非常感谢店主！,3.302561005960207
5787,1,习惯了这款大屏，看起来很方便。,3.5573406607003863
27491,1,一直用这个，棒棒的，速度也超快,3.01199106944714
15743,1,还没有吃，包装很好，看着很新鲜,4.727063263639783
4291,1,不错不错不错不错不错不错不错啊,2.2466193887292265
45370,0,发错了，懒得退换了，送人了。,16.383349319973043
46509,0,穿一次就腿色了 军绿变迷彩了,40.767882300054765
20204,1,潘苹果就是不一样，好吃，甜也脆,20.61380215692437
5837,1,买来看视频学习用的，还不错。,3.4468928186263628
34508,0,真的好难用，比我的清扬还难用,11.005876658002995
24248,0,太差，不红、又烂的太多、上大当,62.05103268259477
14487,0,无红外，下载铃声不便。内存小。,18.93596637054503
26659,1,今晚试试再说，看评论是挺不错的,6.880018229347148
6129,1,挺好的，质量也不错，是正品哦,2.5774674225262486
17532,1,好吃，汁多、脆、香甜，值得推荐,3.89179217425337
41653,1,质量不错，版型好看，穿上很舒服,2.265938781439241
3661,1,画面清晰非常不错女朋友很喜欢,2.312566998965698
46617,0,奶奶的，夏天的裤子，冬天卖。,15.3832333661289
37789,0,抵制日货的同时，一起抵制蒙牛！,5.09895593471305
45282,0,这个颜色很不好 还粘毛毛 难看,19.552885675243196
60700,0,太脏，服务差，永远不要再去，,5.215810001234226
34407,0,只能给一分，实在一般，感觉好水,13.914568340785637
29271,1,非常好用啊！物流也快，值得购买,2.590855555662314
34841,0,还说可以去头皮屑，都没有效果。,6.87541267030896
19750,1,是吧！很脆甜，西北苹果就是好！,24.5253995669714
34097,0,赠送品发错了，希望没有下次了。,14.564340497593399
45191,0,掉色太严重！一颗星都不想给！,4.752934869763086
31497,0,假货，刚洗过一堆头皮屑！！！,48.953309091869926
25340,0,不值这个价钱 口感一般 不好吃,7.501917276074976
27650,1,大品牌…值得信赖…物流给力…,5.273711660885367
16556,1,第三次买了！不错哦……值得信赖,3.1215810768081913
12598,0,非常不满意！增票拖了好久才给！,8.59666940964386
43278,0,吗的。这码数写得不一样的卧槽,62.86964719219034
26716,1,真的好实惠，还送吹风机，好激烈,4.874604270136589
36645,1,喝来喝去、我发现还是喜欢喝蒙牛,6.3956001239798645
61727,0,房间环境很一般！设施设备更差！,3.2859540240913545
39980,1,很不错的裤子，穿了舒适合身。,5.992817844501502
39615,1,你给广告费更广泛更丰富会很尴尬,8.111601497847927
40274,1,大小刚好，穿着很喜欢刚好合适,4.2713819568611235
44308,0,质量太差了，象堆积过旧货，扫兴,28.556117380293557
5759,1,还不错 还不错 还不错 还不错,1.6683324862459514
43080,0,这个布料这价格高了点！不值得,10.27751536789753
41501,1,买的大了，纯白色显得有点单调。,7.949249746136201
5586,1,机子挺好的，唯一就是不能打电话,3.3472466884669108
19534,1,物流快，东西是正品，信赖京东。,3.586496915545785
43829,0,价格38 实际到了是48 真坑,55.77166766620903
12929,0,看视频画面不正常，看不到字幕。,5.077002680892566
5880,1,很好，非常好，好好好好好好好。,4.367861644799705
46555,0,订的铂金蓝发个纯黑很不负责任。,66.04411335053355
7091,1,帮同事买的，很不错。谢谢京东,5.31627852395113
43828,0,不好看的。。。和图有严重的区别,11.17314524494127
60135,0,就是离机场近，没有其他优势！,2.854851637727347
31539,0,假货，洗了痒，还有好多头皮屑！,27.81433192884174
17542,1,多次购买，甜脆度不错，会回购。,19.011786440938
38708,1,偏薄，整体还不错，适合春天穿！,5.500380129413184
20242,1,又快又好啊啊啊 又快又好啊啊啊,1.6189406385568381
39587,1,大小合适，价格适中，还可以。,2.446296264692422
3934,1,帮朋友下的单，服务不错，赞一个,5.623277446820941
38224,1,穿上很暖和，还是比较满意的。,5.49088777386408
28804,1,东西很好，比超市买的划算哈…,7.021844431808939
12946,0,不到一个月频繁死机，开不了机,4.309808409978566
13696,1,硬件不错，从外观，做工多不错.,8.328600036877326
6829,1,很划算，今后还会继续购买的！,3.048282180883783
36623,1,蒙牛香蕉牛奶味道不错@二娃老李,23.95842442579539
40914,1,收到了，挺合身的哈哈。下次还买,15.525881389319887
36396,1,蒙牛你是好样的！岂止全年无休啊,72.12132631560254
43857,0,码数太大！都不知道是怎么定的码,8.765235982586725
7245,1,用着很开心？目前还没有其他问题,6.940425917085532
15520,1,甜脆，物流超快，就是太大个了。,7.7573767379396825
26325,1,好用，头发可顺了，用完再来，,15.212718985341352
35984,1,蒙牛总是那么亮有意思，特色鲜明,11.586651184676203
3885,1,东西不错，儿子很喜欢，值得表扬,3.184212352725781
38722,1,面料舒服。快递也很好。很满意。,6.477146204043251
29245,1,第一次用这个牌子。希望不要失望,2.5133888704836282
35454,1,刚收到货还没来的及拆出来看看,13.526433753279585
40279,1,很好很舒服很好很舒服很好很舒服,1.4001556284563041
33297,0,觉得比外买的稀，好似加了水的,21.996702597892163
45030,0,你们衣服L号这么大，把我装里面,10.819534250218762
32784,0,感觉受到了欺骗，用完头发很干,4.944513302774565
18716,1,买了2箱，个头不大，甜度可以。,5.081230764352573
6221,1,不错，孩子很喜欢，物流给力。,3.570775627221524
33973,0,哈哈哈哈哈哈哈哈哈哈哈哈哈哈,1.9652846762191631
44367,0,不是很好@裤腿太小.码数也不对,21.343733605656958
35481,1,东西很好，家里人用着都说好。,5.966892673605705
42297,1,"裤子不错,大小合适,穿上很舒服",3.50881105531203
6668,1,使用了一段时间！还行！物有所值,2.4994602026936006
26909,1,"物流速度快,比超市便宜很多,",2.264534294018845
9466,0,玩的一点不顺畅，想退货！！！,23.388261086108987
46499,0,不是正品，防伪标识都没有涂层,9.069018424775475
25473,1,不错价格实惠 老顾客买好多次了,5.514300878066847
8176,0,电池太不耐用了...分辨率低,3.5618263912228976
9384,0,"手机一般,网络才2G.差别大.",13.08593703527272
39271,1,很好的衣服，手感做工都非常好,5.244616630747428
12353,0,东西可以，就是说话和放屁一样,9.63794074326274
16498,1,苹果不错，价钱买高了，怪自己。,11.957189448111112
26172,1,像是正品还没用物流超快价格低廉,12.59955546959291
13870,1,价格实惠！能当U盘使用方便快捷,2.5872947183753032
4124,1,第一次用华为，屏幕好音质一般！,4.23005538033465
41327,1,好、好、挺好的就是物流差了点,4.815205556485154
43682,0,质量差的没话说，只能认上当了。,9.343085486804167
4328,1,嗯搞活动的奖品，还可以，用用看,28.724958595994597
36063,1,蒙牛总部，能看见的地方都很干净,5.739325914172463
60290,0,一般，不达标，不达标，服务差,3.2660443152280814
41595,1,第二次买了，和第一次质量有差异,3.251873118104778
47164,0,裤脚不好。实物差太多。差差差评,30.016498886866707
8274,0,怎么没有自带的贴膜 还没有耳机,7.812950351228921
34803,0,一点不值，第一次购买就晕了。,8.63196759427857
19062,1,脆脆香甜的苹果，妈妈说很不错。,5.716654401536463
38164,1,款式高档面料好做工精细质量不错,3.8119143906293034
12865,0,垃圾平板，玩个游戏卡的要死!,9.042486842261598
28662,1,不是特大的那种，不过还是划算！,6.657047824955868
12996,0,不好，wlan信号时有时无！,22.345968148501008
12991,0,渣渣像素，渣渣分辨率，已经退货,2.7238889325167746
3193,1,使用一段时间评价，华为不错。,5.4103850593864475
35189,0,啥都不说，买贵了，刚买就降价,8.55620871579554
47786,0,不怎么样，裤子上全是毛，差评。,7.51517268440191
3295,1,质优价廉，送货快，送货员态度好,2.476490040015431
44832,0,心得就是下次买东西不能光看评论,5.792292795607497
5251,1,音质 手感不错 就是尺寸小了点,5.653030753902168
7121,1,老爹很喜欢，主要是看中屏幕大,9.634981404651057
39683,1,裤子质量好，面料不错，穿着好看,2.2919207691532453
43399,0,垃圾，穿了3次就起毛球。地摊货,32.22092034751056
7288,1,不错，有质感和性价比的平板！,3.1119766855744317
35035,0,同事是说没她在屈臣氏买的好！,18.473695065228174
47591,0,垃圾，超级中的垃圾，裤子是破的,10.120918571636697
35255,0,洗发露好用，就是看着不是真品，,12.425086241164076
28436,1,刚刚收到还没有拆开用后加评……,22.102011401574046
11819,0,屏幕反应迟钝，怀疑是返修货。,6.6697784044703345
23143,0,垃圾，水果，物流，快递员都不好,11.474676796390055
39646,1,卖家服务好，不错的一次够物哟！,14.7052757759758
40689,1,纯棉的，穿着舒服，入手好几件,4.2481137277651255
5627,1,东西不错，大一点的手机的感觉。,6.630673836530973
42501,1,穿上很舒服，大小合适，不错。,3.691157479305002
44965,0,什么裤子啊！不好一百个不好……,14.306990213624458
6037,1,大小是想要的 系统要定时清理,18.121713880786377
36658,1,蒙牛广告开始走温情高端路线了。,8.943792803325737
59939,0,除了离机场近外，没有别的优点,4.013420966768535
42462,1,质量不错 款式很好 做工细致,2.489803604071412
42729,1,质量很好，面料很好，穿上很舒服,2.3194092766484458
8556,0,说好的送贴膜的呢？没看见，晕…,9.68925113873498
15619,1,好想你的时候就是这样的话就不说,7.4023695379576
61532,0,态度垃圾、陈旧不干净、空调吵,22.74147460905479
25467,1,今天下单，就收到了，超赞???,9.132442185168898
10357,0,做了冤大头，没几天就降价了。,14.33108540355516
25863,1,东西多…看错了不是 去屑的……,94.74601232239168
42455,1,很不错的衣服 已经买好多次了,2.53042848171771
39295,1,"收到了,质量不错,穿着挺合适的",6.147391077782894
17795,1,苹果好吃，新鲜，脆甜，相当棒！,3.0639679445767576
16675,1,不错，已经是多次购买了，加油！,4.954316188684402
22710,0,为什么苹果是不好的？？？？？？,4.489808152034299
11221,0,以后再不买华为了，伤透了心?！,10.930043589245255
43537,0,摸着有点像地摊货，明显的假货。,3.5146757766237386
11353,0,昨天刚买的，今天就降价送套送膜,6.43307628003994
41556,1,质量好像还不错，但是款式，老款,4.884766628944764
35808,1,非常好 比上次购买又优惠了些,10.298263007006224
41271,1,料子穿起来也很舒服，老公很满意,8.4611692910528
47527,0,颜色跟配图差太远 面料垃圾！,15.986234955997348
33265,0,差评。。。。。。。全都漏出来了,12.614895403267676
45600,0,第一次在网上买衣就遇上这种情况,4.7504184486235985
46964,0,异味重 去不掉 买了直接想扔了,51.463891899610594
36861,1,蒙牛真有创意 太细心了，呵呵,14.976955484048784
39748,1,很好看，穿上很舒服，质感不错,2.365528593759527
17882,1,味道不错，价格合理，值得购买！,1.8095404985440013
18081,1,有两个苹果有点坏不过其他的还好,5.064643183153768
23421,0,很不好，不要买了，不好吃，差评,14.068667935517697
40284,1,样式不错.面料不错.质量不错,2.6979600382250437
44349,0,假货假货！！！！！！！！！！,3.3882342476104714
29746,1,很好，超值。超市一瓶都99了，,17.50420869993338
10748,0,连个贴膜也不给啊，买家有点小气,13.687955445175904
25818,1,一直用这个品牌，一如既往的好！,2.077223822741774
46790,0,裤子收到了 ，还挺不错噢……,15.97582580308705
39840,1,裤子不错，大小合适，很喜欢。,3.3946875155589695
27531,1,洗发水套装实惠好用，效果很好。,3.8260678286002063
33368,0,洗发水真的很垃圾，不配这个钱，,8.059736421714895
58968,0,离机场近而己，其它什么都没有,8.062573387089747
15681,1,没有打蜡。味道不错，还可以吧！,5.132878719525081
4234,1,总体还不错 华为品质值得信任,3.9791836942318777
27818,1,质量信赖京东商城，用完继续买，,3.612330767177443
39713,1,裤子很暖和，质量不错，物流很快,4.458721883558009
24489,0,又小又差！！！最上当的一次交易,11.217483363546048
7895,1,用着还行。接下来看看以后怎么样,6.323707716129637
34585,0,说好当天能接到货，两天才收到！,12.461947718544238
21579,0,难吃 又小又酸。想扔掉不想吃了,16.34238719485819
13647,1,外形和做工都不错，待机时间也长,2.8705789658293144
35257,0,感觉买到了假货，一点都不好用,3.2661484806269128
40185,1,值得拥有，一直都买这个牌子的,4.593460667986244
10256,0,为什么没有发票！？手机漏光厉害,20.51514020353819
36592,1,蒙牛真不错~现在向牧场出发.！,33.61062631047959
44269,0,和照片差距太大了，颜色都不一样,2.666266927452471
39171,1,衣服不错，经济实惠，穿着还可以,2.4720641921998827
44286,0,掉色太严重了，才洗一次就洗白了,6.7973908516060515
28857,1,价格便宜，味道高温，好用，喜欢,4.819640435218509
44952,0,不满意！发了两条一样的给我。,4.327866225252006
38478,1,面料很好，款式时尚，穿上很舒服,2.0480821491677514
30653,0,大家帮忙看一下这个是正品吗?,4.678416676739365
34340,0,这太小了，还要38块，不值！,16.25466493818753
17693,1,份量足，还没吃，吃了以后再评价,8.077507724323768
37819,0,最讨厌的公司，程度甚于蒙牛。,7.007993905167408
30680,0,买亏了，超市比京东还便宜一些,10.19245965491557
31747,0,货没送到订单就完成了？什么鬼,6.903399416095906
21100,0,差评，下次不会再买了。。。。。,6.289835318349676
39566,1,做工很细致，面料不错，很满意,2.8391528074767183
33483,0,不好用，用了第二天头皮上一层油,13.101064929682593
4947,1,还算可以，值得购买，物有所值。,2.778338172906042
4294,1,看着还行不知道用了是什么情况,5.294352357600741
3976,1,送给妈妈看剧用的，她说很喜欢,6.5856500277990655
30698,0,感觉像假货，连QS标示都没有，,6.124064417383542
32173,0,洗完隔一天就发痒，谁买谁缺心眼,40.73085709540173
44294,0,太小了 质量一般 速度更是垃圾,7.24751393564339
14471,0,X77该产品经常莫名其妙关机,12.151854738180493
39755,1,质量不错，大小合适，穿着很舒服,1.9475372906546335
41247,1,质量不错，款式好看，做工很赞,2.4292328156347125
18487,1,富士苹果，质量不错，送货上门。,4.191104183697216
6950,1,单位搞活动时候买的，非常满意,2.3303772374278036
35045,0,假的，起头皮屑还很痒。千万别,25.512188996220527
5023,1,给公司买的方案，不错，挺好用,6.043950720268382
47952,0,一起买的三条，这条尺码发错了。,21.633447728582794
28957,1,挺多瓶，还没用，不知道好用吗,15.251222098553413
5719,1,屏幕够大，看书看视频都很爽啦,5.180558512622182
32008,0,差评，包装都烂了，里面还是开的,10.74044932618698
9363,0,没有送膜和外壳，根本不是套装,13.169729126131257
8767,0,差差差！！！买完就降价！！！,12.59051768779086
57129,0,房间插头坏的，电吹风也不好用。,8.134058706408984
28614,1,物流快，是正品，可以放心购买。,2.387106556647219
46948,0,真的很烂，还会脱线，非常的偏大,18.1948217462693
28916,1,不知道是不是真品，味道一般般。,3.342270036070843
18281,1,货真价实，物流很快，很不错的!,3.9047728199725147
43193,0,还可以就是有点大勒袖子很长。,9.331090524216691
32934,0,大约因人而异吧，反正不适合我,3.640646287264228
15881,1,应该挺好的，给爸妈直接寄过去了,5.082060336584665
42017,1,一次买三件，质地还行，有点薄,5.228594330145426
33038,0,价钱变的太快啦太快啦！刚买又降,13.31517701765062
25847,1,一直用潘婷的习惯了，套装划算,22.32974237169986
8800,0,的买了没多久这**的就降价了,7.719551606585491
15834,1,真心不错，质量没得说，包装也好,3.274896332687472
5469,1,便捷的平板，看电影看小说很方便,4.41469538275724
36646,1,蒙牛的草料运输，以成本换安全。,14.758064689436582
16884,1,多次购买，看着个头挺大，没称过,10.174607667407725
12504,0,质量一般般，网速太慢，卡卡卡,4.481463039254816
13065,0,快递员太次了！ 说不让开箱验货,33.663435870050044
33965,0,一般般吧！没有在广东买的好用,5.832903902412469
45315,0,不行，跟图片上不一样，骗子。,11.279272629205446
30862,0,送来的东西和主页根本不是一回事,5.1229813061559355
18837,1,价格实惠，购买方便！！！！！！,2.490939448448964
45023,0,非常差的东西，布料差，线头很多,9.145518272898196
3559,1,给老爸买的！老爸很满意！开心！,1.9587370817236165
40345,1,质量不错，很合身，以后还来。,6.896812359104147
16624,1,很好很好很好的大家买吧下次还来,6.6296017269252
23833,0,超级小超级小，小到没有吃的欲望,2.2148784318111896
10184,0,京东就这点不爽 居然没有差评,30.288514452854187
23148,0,有些外面有伤，有些直接是这样子,10.659723862894298
12201,0,买的这是什么垃圾啊，充满电放*,30.301891658769506
43156,0,太大了，跟我选的码数偏大太多,18.342314649867383
31656,0,不怎么样～用几天头皮就开始痒了,12.602792557013197
46981,0,衣服有一股怪味 感觉不是纯棉的,7.667223723596825
15759,1,苹果很脆，京东直采，值得回购！,13.530280494418038
35023,0,说好的送梳子，却在骗人，没有送,22.263458675543145
16889,1,打了腊，不是很新鲜，胜在便宜。,12.436015063959141
12933,0,屏幕有裂纹，客服说签收了不理。,14.807106581486691
57768,0,酒店坊间很小，陈旧，服务一般吧,9.900397457167992
41163,1,快递不发短信不打电话神马意思,6.681859603778511
32562,0,昨天晚上买 今天早上就降价?,13.796188839616425
33851,0,没找到生产日期截止日期果断差评,8.67528870439848
34827,0,产品质量不是很好，不是很满意。,2.2471960554790362
3579,1,看视频，玩游戏好好老是自动休屏,25.511464258478448
46117,0,不值那个价，料不好！线头多！,22.83277503849963
3765,1,不错，屏幕很大，姨妈挺喜欢的,5.635517894126094
16224,1,还可以啊，只是这阵价格比前面贵,8.203045143507287
44022,0,要薄的邮递的是厚的，还破了洞,109.63205754716502
47538,0,我要的明明不是这个款？？ R？,25.885304764693252
39728,1,衣服挺不错的，穿着比较舒服。,2.677198492386372
43051,0,真受不了，严重脱色……真他吗的,39.61008963409892
31250,0,和商场的不一样，感觉像假的。,5.953418695233674
29658,1,包装完好，当天到达，京东给力！,13.137537225456153
14991,0,没有mp3，防火墙等一些功能。,6.156954036036811
38465,1,质量不错，料子柔软，大小合适,3.2191504549065395
20254,1,哈哈，感觉还是可以，下次再来.,3.5911222975729165
26186,1,质量没得说，是正品沙宣，味道好,6.774007552389018
45270,0,图案看着好看 实际裤子很垃圾,6.997896134667402
4785,1,非常好用，货真价实买了两个。,4.392352176663847
57123,0,黑点，一群乡下人掳钱的寨子。,66.42086891724111
44019,0,质量一般般，价格再底点就好了,5.26231586722856
41281,1,颜色不错 穿上很舒服 大小合适,2.588600032704685
44502,0,太差了，发货发错了，质量也差,8.658910763797
45102,0,质量特别差，掉色严重，属于垃圾,2.8373169772942415
18293,1,这个果子冷库放久了，芯都烂了。,13.550108487027376
47949,0,差差差差差差差差差差差差差差,2.4934152387793374
44069,0,很垃圾，穿一天就有很多小斑点,7.857172468127051
31368,0,送的梳子里全是头发！太恶心了,8.02024857174214
15877,1,萍果很新鲜，又甜又脆，很好吃。,5.41115127687158
20138,1,苹果收到谢谢！谢谢快递哥，辛苦,8.090187789904656
27793,1,一如既往的好用快递叔叔送货很快,3.4900047928471145
5402,1,不错，屏幕大，用起来眼睛不累,2.7811342463528095
40644,1,货可以！就是慢不是一般的慢！,10.61174783549965
39813,1,款式好看，面料好，穿上很舒服,2.3932381119257014
38413,1,衣服非常有型，非常满意的服务,3.2816417151550237
9197,0,差评！，屏幕严重失灵，也没人管,5.5800428872121195
7339,1,质量就是好，速度就是快，好好,3.583155623636211
21454,0,也就只有便宜的特点了，东西很差,6.040230045361366
9770,0,才用了3个月就充不上电了，郁闷,4.839024394872423
10590,0,手机有点弯弯的，很失望，华为,8.60694933956638
24214,0,都坏的，没法吃。。。。。。。。,13.10683750837527
45252,0,缩水缩的厉害 都成肚脐装了 ！,15.48148361500597
40423,1,质量不错 版型好看 穿上很舒服,2.438386775510313
5685,1,联想值得信赖，坚信联想好多了,7.174386948896001
38833,1,双十一特价买的，价廉物美，不错,3.7707868974936214
16655,1,多次购买，性价比比较高的苹果。,4.753668086682453
26299,1,非常非常之好，非常感谢京东，,5.18596897325301
61157,0,外部环境不错，内部环境有点差,2.437721532662889
32495,0,觉得不好，想退货麻烦，就将就用,27.467724080548713
35611,1,到货挺快的，师傅安装也挺好的。,3.5598897159950136
33633,0,绝对差评，差评，差评，骗人的,4.354943418339297
26553,1,不错，一直用沙宣，用后感觉很好,6.115736692288692
39119,1,一直在京东商城购物送货特别快。,3.336210982320979
35090,0,全烂了，差评！！！！！！！！！,13.937760085287831
36059,1,最好是喝蒙牛的，长的会更猛哦！,12.875931083287657
40860,1,面料不错 大小合适 穿上很舒服,2.500731261934927
43725,0,一点也不好，像***的地摊货，,6.114374252581492
29889,1,还没开始用 不知道是不是正品呢,3.9787373873338794
34073,0,洗了有头屑，头发还出油，不好用,9.453670300764047
27309,1,好用，物流也很快，值得一试。,2.6928466025439133
17759,1,物流快，包装新鲜很好，大棒了。,11.597514489610381
60026,0,环境设施太差了，没有任何服务,2.4975492129391004
7969,1,不错哈，很漂亮，用起来也不错,3.852715768532991
37641,0,抵制蒙牛 从来不喝蒙牛的产品。,7.7329747978738475
44256,0,真的很一般，重要的事情说三遍,3.263489173918744
6112,1,一直都是买的他们家的，确实好用,2.8241863823190227
41028,1,质量不错 大小适合 面料也很好,2.9287956509714275
46403,0,做工都能这样 真的可以 滑稽,27.388954714532886
18199,1,价格比较便宜啊，包装也很不错。,2.4718509324434508
3283,1,很好 流畅 音效也不错 棒棒的,6.39605508651508
10968,0,送的东西太少了，摄像头像素低,6.001202643799575
31129,0,不好太差了我洗了头皮屑好多?,38.94602378082594
39105,1,短袖还蛮耐脏，舒适好洗，很好,22.816178382321475
40463,1,不错，穿上很舒服，老公很喜欢,2.883130157189616
4705,1,好好好好好好好好好好好好好好好,1.8583650511474832
42748,1,挺不错的，质量还可以。价格优惠,2.5479862342492807
3645,1,给老爹买的，足以满足他的需求,4.820146899724412
13891,1,价钱可以，外型不错，铃声挺大！,10.41738614781597
43342,0,垃圾东西，和图片上的差别太大,5.201169924077522
31093,0,我的东西应该25号到今天才到,10.410838739351526
43023,0,做工很差跟图片不一样不正品。,14.448188122611128
46035,0,其它还可以 就是拉链会露出了,8.967159301739134
16187,1,苹果香脆，包装良好，配送也快！,7.477219471177584
44061,0,面料很差，跟描述的一点也不一样,6.454324292321046
38363,1,发货速度挺快的 、质量还不错。,4.96333898578842
13290,1,"很新潮,很适合学生,外观好靓",8.609467365221454
45238,0,裤子很差。穿上一个星期就开裂了,9.055304519631104
3670,1,质量没问题，正品，价格一般！,2.6564225016215453
47775,0,不怎么样，出汗后衣服褪色掉毛。,7.909093528396517
30389,1,还不错，家人都一直在用这个。,3.336045633209216
44674,0,哦，申通啊，没什么好说，差评,38.36296016682615
35916,0,连个软管也不送，尽送些没用的,40.5526091760603
35432,1,好评，第二次购买了，物美价廉。,5.651468220773319
4222,1,帮帮哒，和想象的一样，点个赞,7.764335632162007
36609,1,蒙牛总裁长得大气~说得客气啊~,26.465058469346584
10483,0,好不好用买了才知道，香菇蓝瘦！,4.153932660019262
42024,1,颜色不错，大小合适，面料很好,2.26156591922961
31082,0,洗的头皮很痛，用了三次不敢用了,15.733298381870092
57492,0,差差差 进门去门童都不搭理人,54.18642154791824
20143,1,多次购买了，包装完好，大小均匀,4.73939217209785
40983,1,质量不错 面料不错 老公很喜欢,2.932283298637844
27378,1,京东六一八囤货囤货囤货囤货囤货,7.7370157252536815
25324,0,好小，很不划算，最可恶是有烂的,31.226721490774537
9552,0,快递挺快的，产品就是太卡了！,7.94188011162969
38755,1,裤子还行，物流太慢，七天才到。,5.827223940981314
43141,0,描条形码找不到该商品，应该假品,74.84252513458145
39886,1,挺好用的。摸着也舒服。喜欢。,4.76398440789968
19462,1,很好，味道好，包装好，物流快。,3.1530095040611017
3349,1,网速特别好质量也可以电也经用,16.482320654819734
43397,0,什么质量，太次了。边是扎斜的。,32.52914543619861
59999,0,没有窗户的！闷S！没有下次！,48.22343556876381
25216,0,很糟糕，潘忽悠！不会再买。。。,18.997906875810056
6836,1,很省电，听音乐的音色也很清晰。,3.381555988726271
10592,0,我爸说不是很满意，只值三百多,7.2428485918074195
30490,0,质量不好，洗过头痒，要求退款,21.234089388264536
27055,1,神速，包装完好，看起来是正品,11.439107267663797
38458,1,什么都好就是没开洞，其他没的说,9.616422551629464
35700,1,还行，就是太远了，物流走了4天,9.056643763859126
33957,0,感觉和超市买的不一样，像是假的,3.0118543256714205
46128,0,说实话，衣服太烂了，谁买谁倒霉,3.8738089575052035
33178,0,没有生产日期，不知道怎么办？,5.319978363940851
11235,0,给的是2012.1.9日的旧货,23.38082605019669
45098,0,裤子脏 其他一搬。不想过多说,36.84329848927032
3865,1,没得说，性价比超强，超好用！,4.301217577842259
41666,1,裤子质量不错的，穿着很舒服啊,3.2338415416049364
43294,0,不是很好，而且配送员没丁点礼貌,13.116576659577472
6032,1,使用挺不错的，不错的一次购物,5.040081140149481
33353,0,跟正品的气味不一样没正品好闻,3.67647533537918
7277,1,打王者荣耀不卡，可以，棒棒哒。,7.987436412733372
58757,0,空调开不热！第二天就感冒了！！,8.210796005024278
41848,1,完美。穿起来很舒服。超级实惠。,3.3253977569437003
6725,1,发货速度快，早上下单，晚上到货,2.5560805877815445
33744,0,送货太慢了 好多天才到 闹心了,22.128700921430596
8025,1,质量不是很好。不知道怎么说。,3.006895396370396
44300,0,垃圾 垃圾垃圾垃圾不想在买了,6.319943823203198
8797,0,手机坏的。要求换货，没有人收，,20.93092456223267
42873,1,非常合身！物美价廉！很喜欢！,2.2803972905222567
32603,0,泵头都开了，洗发水也流出来了,24.68228939739859
7136,1,用着不错，性能很好，屏幕很大,2.176872842380138
16590,1,苹果看着不错，很好！以后还买！,4.810498580287423
20400,0,一般般。个头很小，新鲜度还可以,4.494221621948484
16937,1,苹果酸甜可口，大小适中，好吃。,2.66081398122048
58557,0,地毯有很多莫名头发 卫生担忧啊,92.21340812194002
44074,0,垃圾衣服 很粘毛 一点都不好,19.828652583937117
17804,1,味道不错、很甜、很脆、值得购买,2.444721444250646
46916,0,有破洞 这家店的东西真的不行,12.931507769506599
46082,0,送货太慢了一个多星期来没到货,6.967896739347408
33028,0,标签贴的歪歪扭扭的！这商品！,5.2958287509248025
28522,1,刚收到，还没用，用后追加评论?,19.187700128669903
29861,1,炒鸡划算，买了囤起来。京东给力,6.335983199926538
24275,0,不是富士苹果，一点水都没有！！,11.181104047999472
5478,1,给老人看片子用，实惠好用！！！,14.210757505676515
3709,1,很不错，国产的平板越做越漂亮了,3.384790412358137
43794,0,颜色跟商品图片严重不符 吐血了,15.575505596865854
30845,0,不好，洗头了长头屑，不会买了,47.42992648727179
43215,0,差评，M又大又长布料差不行啊,42.61148844711205
44658,0,不值这个价，做工粗糙，线头太多,5.838808150361943
25879,1,东西真的很不错，性价比还可以,2.6813197787344083
30089,1,很不错，非常划算。618买的,7.941639287525082
33432,0,为啥我没有赠送吹风机，差评！,8.750354960608727
30042,1,之前没有用过，还好，感觉不错。,3.436818537692831
16158,1,包装很好，送货快，果好吃，5分,7.873917810101081
37777,0,蒙牛卖给了中粮，国进民退？可悲,28.109619906860853
59336,0,虽然离飞机场近，不过房间很一般,5.587210775652657
20313,1,还不错，本来网上买水果不放心的,5.328347218716579
29222,1,价格实惠！包装的也很好，很划算,2.1100910134328736
25641,1,高大上，舒服，好用，物流快。,3.3209456624579103
36655,1,蒙牛新包装，丹彤出品，必属精品,21.393039095007882
42676,1,都还不错买了三件，直接上图了,8.582560930298271
9494,0,照相好差。。。。。。。。。。。,10.04880767751882
7441,1,送老人的东西，老人非常喜欢！,2.2973536548709173
39860,1,穿着也舒服，大小合身，质量挺好,5.849057231939794
19014,1,萍果味好、新鲜。京东购好好好!,57.309731769698026
9709,0,就那么回事，说待机长，纯忽悠！,10.564332907470332
60964,0,不好，性价比很低，下次不住了,20.244402106266854
7072,1,这个价买这个东东很值了，够用了,9.36874094971857
31006,0,买完就降价，差评差评，追加差评,10.312979881218007
10025,0,刚刚买来 就比较卡 非常不好,10.92686373396511
40477,1,质量很好，料子不错，性价比很好,3.9582647374941353
13359,1,外型倒是很不错的，手感很好。,4.888345469710528
18223,1,苹果不错，京东送货及时，赞一个,6.3152914223636705
5962,1,看起来还可以啊，正在摸索中。,3.3837881342267417
35757,1,第二次买，还没装，应该没问题,5.101139781796008
42341,1,刚刚好，裤子好看，质量也不错！,3.6955982982814297
22330,0,好，值得购买，用的好下次再来！,5.430463189120855
38420,1,试穿了一下，很合体，质量不错,4.457660760507941
43309,0,看着感觉一般般，没图片好看！,2.3621814843949385
29116,1,囤货囤货，价格实惠够用半年的了,7.545154055238929
42867,1,和专卖店一样，非常好穿上刚刚好,7.540599282856545
43635,0,不是直筒长腿太瘦不是理想的购物,20.12587237108631
3672,1,速度快，音质不错，完游戏挺爽,6.770517164534804
43116,0,质量太差，好像是隔年生产的。,5.596348118001518
35475,1,东西很好，我以经第二次购买了,10.381544215380396
27561,1,刚收到货，还没用！用了在评价,19.609556037613547
47463,0,都是在卖照片 和实物差别很大,5.326760352554205
58462,0,噪音太大了，还他妈死贵500元,52.99882400529844
15630,1,真的不错，可以试试，赞一个啊！,4.232235872186819
32894,0,用了头发很干，觉得是假货。慎重,6.707111761931006
25809,1,假的吗 这里怎么第一次打开漏,64.39916109092809
25961,1,送货快 服务好 正品 支持京东,4.68027335130439
12978,0,连张保护膜都不送一个太小气了,12.091444307771768
8675,0,不好，会死机??有时会自己重启,12.44389811782103
7575,1,发货快，第二天收到，挺好用的。,3.9142247931910394
44804,0,搞个破洞的裤子，最差的一次购物,10.285485007191605
28616,1,还没用 看着不错 价格也实惠,6.102178712310769
18665,1,没有坏果，值得拥有，服务员好。,15.275598279395842
11438,0,好多应用软件没有资源，差评！,7.54557020214709
5045,1,东西很好，非常满意，物美价廉。,2.2603473303730954
28004,1,包装很好，味道很好闻，物有所值,2.8405444064381196
26987,1,真的很划算，非常快，非常满意！,2.8448524351130837
7553,1,很好，非常实用。快递很快的。,4.810839348462303
6397,1,有时间好好玩玩.看电影应该挺爽,6.009319930411874
36045,1,蒙牛优益c原味 真的很好喝耶,36.99444826271521
42272,1,商品用料，做工是不错，值得购买,6.397679979998962
35713,1,东西还未安装，等装好了再来评价,6.263350426389672
26182,1,到货很快，包装完整，应该是正品,2.046712114743236
34769,0,不是正品 用完没有凉的感觉。,15.256749241802227
5188,1,超值，超长待机，系统稳定流畅,2.5650674412838255
43200,0,差评！！广州到广州用了十四天！,19.16507007905047
44805,0,唉，第二次买，却失望了。。。。,11.500238651105091
47257,0,不错 蛮好的东西 下次还买！,11.865145298525126
25917,1,还是那个味，618买的挺实惠。,30.584118548862723
52995,1,不错的酒店~~相当的安静~~,2.615042715604158
45674,0,居然没扣子，也不给配个，差评,26.493900956649405
40996,1,衣服很不错穿上暖和又好看修身,6.034718952272592
19983,1,东西还是很不错的，水多还很甜。,7.795744094578537
46684,0,质量太差 洗了几次就起毛球了,9.009460123535396
57682,0,房间很大油烟味道，空调很嘈！,8.706133014657784
38970,1,裤子样式 很不错啊 料子很舒服,8.7464627664272
24018,0,看着外表漂亮，里面的心都是烂的,4.685550513383642
40137,1,面料不错，穿上很舒服，质量不错,2.287337477385726
33341,0,就给一星。感觉不爽。不能再多了,15.898717000337747
3464,1,东东很好，很给力，快递赞一个,9.123690251530256
44555,0,质量一般，收到货不是特别满意。,3.0512852117300806
44676,0,裤子根本就没有看上去的那么好,4.246123653342949
17763,1,实物与介绍相符，便宜实惠质量好,3.7781186284476944
41332,1,质量不错，做工也挺细致，很满意,3.007397206751199
29314,1,一直比较信赖沙宣，还比较满意。,7.651610323443651
47055,0,没感觉很好，上当了，是小脚裤,16.043638650679945
7147,1,值得信赖的产品，一直在京东够买,6.0135968436795615
31084,0,很无语！本来不油的头！越洗越油,8.049234810731653
20267,1,很新鲜，个头不大正好一个人吃。,4.384723573595598
60396,0,服务态度不好，周边环境还不错,4.925690110690843
6803,1,还没用，连一个平板套都没送一个,15.351019069995765
42931,1,样式不错，很暖和，穿上舒服！！,5.572147870280687
7247,1,好用，非常满意的购物，经常买的,5.62927198561172
3783,1,还行，包装的不错，发货也很快,4.120012942687246
32916,0,太稀，像假的，味道也不是很好闻,8.26455884727691
8983,0,这么吝啬的店铺不会在让人光顾的,10.174765255368479
46247,0,你的快递是从太空的发过来的吧,12.571256695125665
45227,0,一般般，跟图片差别很大。假货！,8.902641611620718
12969,0,写的送高清钢化膜也不送，骗人嘛,143.02724969311268
6929,1,第一次在京东买平板，很不错，,2.1634204290191983
4911,1,清晰度差些，这个价位的也不错了,7.3076474589545395
47377,0,垃圾中的垃圾， 七八十岁的人穿,7.389920422224207
42865,1,大小合适，做工精良，没有异味,2.5788039658731443
44512,0,穿着不舒服，不是棉的。尺码太小,7.989328524055032
40503,1,货已久收到 很不错 合身 好看,32.61448844710632
30431,0,包装不错，质量真不咋地！哎！,3.640903844133442
39770,1,质量不错，大小合适，穿上很舒服,2.258366915248986
46530,0,骗人的！好评返现都没有！！！,26.19639140801724
13423,1,特别之处就是外屏幕的闪电屏幕,6.361330736260459
16875,1,物美的苹果，真心好吃。京东不错,9.987491908201973
17939,1,快递京极速。水果新鲜甜脆可口。,10.60899289622192
34110,0,比想象的小，，还没使用货，，！,14.462505463134336
10649,0,还好吧，买了十台，过两天就跌价,13.088499015750816
7713,1,华为荣耀的粉丝，产品真不错。,4.70934693990557
45416,0,这才洗了一次，纽扣就能洗掉了！,11.227201777399264
3292,1,宝贝已收到，还不错，物流夜给力,19.644856021896143
5162,1,在用，问题不大，可以，性价比高,4.844593339225449
27623,1,包装好，还送伞，买一次，管一年,10.434488055796045
35323,0,没有期待中的效果，不怎么样！,3.769694973520927
45460,0,不错 款式新 面料好 值得购买,6.970365505188421
9641,0,华为产品，十个有9个裂屏幕的！,14.488594128621271
28785,1,还没用，试后再评价，字数不定,22.77639359717615
58314,0,房间内连洗发液及电吹风都没有！,6.5721369404448495
26046,1,比较实惠，洗完挺柔顺的一直用,8.359486528751521
31119,0,全假货，还不能退，京东都是骗子,9.692721469019494
16920,1,很好吃，脆甜，是我喜欢吃的味道,3.406930647751929
34326,0,买好第二天就便宜了*，不开心,17.418445475064747
40958,1,货已收到；商品的质量真的不错，,11.70036727083187
7343,1,东西应该不错，帮朋友买的！！,4.810984110293662
34421,0,越用头皮屑越多 应该不是正品,11.862770072338455
26523,1,大品牌，用了很好用，好评五星,7.144470512238123
20597,0,很硬，一点也不脆，一点也不好吃,3.449195857422172
47033,0,太骗人了，实物与图片差距太大,6.572961796412779
34665,0,只能对京东无语，到货就降价了,9.980497551263182
35294,0,来的时候包装开了 不开心 差评,43.530949240949
5369,1,京东自营物流快，货真价实！赞！,5.863748970930287
10401,0,用了几天，感觉此机有质量问题,3.9445847628187747
12037,0,店大欺客，物流慢，遇事推诿扯皮,6.636216739207211
40754,1,衣服挺好的 是正品，纯棉的。,6.976956031447442
25300,0,不咋地，特价买的，价格也比较高,6.305343655618086
27423,1,用着还不错，还会再继续光顾的！,3.8391101670247005
8353,0,不赠膜，差评！！！！！！！！！,16.14958588554846
47390,0,吗得，图片与实物不符，丑的一必,40.58968434806331
25895,1,送货速度快，商品质量好。好评,4.361284179183544
38007,1,质量不错，尺码大小合适，很喜欢,2.6334123689598923
43321,0,很不好，很不好很不好，千万别买,2.3503117309942114
44940,0,还可以，就是不知道能不能起球,6.1138893562294285
46124,0,无法用语言形容我内心的愤怒?,5.478959306794761
44924,0,裤子没有写的那么好不值这个钱,8.695419572584196
4332,1,放在手上刚刚好，电池容量很大,3.860163841746396
40023,1,老公很喜欢 下次还会再来的哦,4.11352180291467
38475,1,质量不错 老公很喜欢 颜色也好,3.3494288663826968
29598,1,东西收收到了，一直在京东购买,13.084617536399097
32548,0,还秒杀产品，跟平时一个价，垃圾,13.514199771966728
28820,1,物流很快 是真品 十个字十个字,7.693485902053453
40905,1,第一次买，纯色的，感觉还挺不错,2.867595314052908
43571,0,这商家能把客户定的型号发错了？,28.04089590398493
9717,0,想问一下，，耳机呢，，，，差平,15.018857304241802
5413,1,很好很满意非常不错啊啊啊啊啊啊,2.5999563809648367
9820,0,电池电量，通话信号不怎么好！,8.403252696839266
43317,0,差太差了，跟照片上的完全不一样,6.0503561666949714
27601,1,很好很好很好很好很好很好很好,1.3661031350918529
58218,0,太偏僻，吃饭的地方都找不到！,2.7888434824618002
47498,0,商品质量太差，才穿一天就死毛球,18.807950280996078
38534,1,不错，包装好，快递快，物有所值,2.9698608492961935
40089,1,简单的基本款，什么时候都可以穿,2.7271761262157987
34996,0,只能说差不想说了…果断卸载京东,28.3216011983738
28961,1,囤货的，看起来很不错的哟！！！,12.052547713015533
38434,1,换的大号 还不错 大小合适了,16.160938521687473
18201,1,比我想象中好吃太多了！下次还买,5.926861873315752
35508,1,物美价廉，老板服务态度很好！,2.086343186799296
35496,1,感觉还可以吧，对得起这个价！,5.319153888786264
31589,0,是不是假的啊，起头屑，有些失望,19.525549648910612
18924,1,个头比较小点，其它价钱有点贵。,5.42579722454821
57101,0,老酒店，地毯脏，上网在走廊里,35.562605865749305
42176,1,物流很快，拿到货看了后很满意,3.7807435459460987
42337,1,还不错，有弹性，裤型也好看！,4.984478326806737
9022,0,一般一般一般。。。。。。。。。,2.215895479309187
47921,0,感觉不是正品，像旧货市场的。,5.365592670719381
9444,0,买了没多久，就降价*，郁闷死了,6.248291306391989
43798,0,做工实在不敢恭维，线缝的不好,5.1983854865031605
20197,1,即使不好看的，都特别甜，新鲜。,5.083495157951376
33018,0,被坑了，不是说都是洗发水吗？,8.031350042049409
28118,1,物美价廉 很划算 一直总这个,8.7649643573425
5223,1,给老人买的，收到了之后很喜欢,4.196000689781932
38474,1,面料不错，是正品，快递超快的,5.087824148419618
24434,0,应该没有比这还小的苹果了，鄙视,6.55696033430371
38844,1,棉的质量一般，可以当打底衫。,5.339334456016858
35306,0,假货，用了头皮屑很多，头很痒,14.91269020206043
17992,1,比超市便宜送货很快，多次购买了,6.85897364319425
4070,1,一直购买华为手机，值得信赖。,4.6971325142468014
6036,1,单位买来做奖品的，大手笔哦～,19.91812007011742
35353,0,垃圾京东在也不来买了，骗子公司,47.04012992473774
34787,0,应该是假的，味道感觉都不对！,4.928858963942487
39704,1,面料好舒服哦!不错，给个好评!,7.338826022015119
30875,0,相信京东，但是这个以后不会在买,5.290543562416365
26525,1,包装完好 还没用 用了再追加,38.596194913250585
33431,0,"差评,昨天刚拍的今天就降价了！",14.840157334051375
39432,1,质量和做工还行，稍微有点薄。,2.8234081230802937
4712,1,可以，玩了，很不错，不愧华为。,25.717677050618995
34311,0,包装盒不完整不知商品是真是假,5.991636388273252
31109,0,说好送风同？？？？没了？？？？,33.39992693427473
43137,0,质量太差，又不好洗，做工粗糙,2.9452020877949883
39156,1,活动力度不错，继续加油，不错。,5.407680570698517
40460,1,真的很好看，快递员很有礼貌，赞,3.744914918238543
40917,1,"质量很好,手感不错,外观不错.",2.3710678198644675
38781,1,质量不错，穿着合适，款式也喜欢,2.6533087081027227
7893,1,才开始使用，希望质量没问题。,3.3689204247249585
19729,1,有点小，味道还可以，，，，，，,2.838015386289236
20501,0,贼几吧小，还硬，大家别买这家。,75.34990430973681
38861,1,很好。很实惠。价格低。服务不错,2.4270698802298063
45064,0,传了两天就开缝了，质量也不行,21.222041381516526
43177,0,质量挺差，才十来天表带就掉皮了,20.646848620202935
41478,1,货收到了，看着衣服质量还不错！,6.2950432569348855
47113,0,买的29码给我32码什么玩意,11.35807932376464
38407,1,买给老公的，穿上很舒服且又便宜,6.1699411860167235
57216,0,不错，性价比高。离机场又近。,4.135506302228394
23819,0,不怎么好，又贵，去超市还便宜些,8.152897818123273
18118,1,挺好的，买了很多回了。。。。。,5.155460716861971
29998,1,包装很不错啊。东西还没用先好评,11.408117307223025
19817,1,非常好，一直喜欢京东，信赖京东,2.9729201116733535
40090,1,很不错很喜欢白色得衣服啊啊啊,4.845402266660859
21453,0,苹果还可以，新鲜，就是有点小贵,3.872274399895406
43036,0,不好……：别问我是谁…………,9.747833031946872
35756,1,第三次在这家店买了，挺不错！,4.336857395458657
29308,1,量很足，希望都是正品，相信品牌,3.0783249543776567
31587,0,商品是假的…京东真是垃圾到家了,22.86618165664942
29133,1,可以 货物很快 不知道用怎么样,24.414640066491007
14996,0,"续电时间短,一接来电就自动关机",13.528040315508195
57357,0,也不通知一声直接取消了订单…,15.262065183270144
9165,0,很烂，手机卡死，连电话也接不了,5.715430149750133
43018,0,质量不好，穿两个月就变形了。,5.241714005709214
17409,1,好吃，带皮可以吃，哈哈哈哈哈哈,4.750129858874524
60716,0,酒店这设施没法评价了，太烂了,10.241835158908787
36582,1,蒙牛的好吃！我老吃橙子味的~,18.520999052639926
18443,1,个大，均匀，尺寸达标，口感香脆,7.341104657539817
32975,0,上次买过，真心不错，下次再买,3.0474682934132518
37400,0,不但蒙牛，而且蒙人 太坑爹了,11.813549277637202
28912,1,是正品，*买了一大盒，很划算,8.228749427618933
32095,0,感觉像假的 洗完头 头皮特别痒,6.588737256862936
35498,1,服务态度好，宝贝好，全部5分。,5.745007837993189
7511,1,配送员服务挺的，东西用着也不错,6.392473091714303
39880,1,质量很好，标准号，还想买一条,5.487617319719506
61550,0,太吵，就在高架边上，整晚睡不着,12.39063441701855
35923,0,根本不给送货上门！白花钱了！,6.008991133094825
14597,0,没有收音机功能！遗憾！！！！,5.222409966466645
45770,0,质量很差，与图片没发对比，差评,20.270184715448593
12307,0,屏幕很模糊 不喜欢 第一次差评,6.682114293230143
6103,1,价格很便宜，很薄，屏幕很清晰,1.9967097618208862
28826,1,用了一下感觉特清爽，下次继续，,6.166682167042223
23605,0,有烂的混装。。。。。。。。。。,17.75397996230375
8801,0,垃圾摔着就该了。。。。。~~,38.783812631478135
4985,1,东西很好达到了我预想的效果。,4.318120463197296
44142,0,我连都一都没见着，大写的差评,54.62988511680751
29679,1,好，大写的好，真的非常非常好！,7.398068969727658
35132,0,洗完之后头发会痒，感觉不是正品,6.983430129386802
61777,0,没窗户感觉住一个大盒子里，难受,12.168510484899732
28370,1,送货速度快！很实惠！很好用！,2.154345657250274
39278,1,做打底衫用的，棉料的很不错。,13.693181671873065
16426,1,果子很好哦，闻着果香四溢，喜欢,4.231741470695962
58936,0,一般般，一般般，一般般，一般,2.0034660298766416
40992,1,很不错，是正品，大家完全可以买,2.9660304074673673
20523,0,水果是越来越差劲了，坏的太多了,9.965769085695758
7173,1,还行，并无不妥！！！！日后再议,12.043894582441887
33159,0,呵呵，哈哈，估计买到假货了~,3.023215932847259
16118,1,不错，京东就是快！东西又快又好,9.910750640406523
20198,1,很好的东西，特别是京东客服很好,3.441448123269645
38969,1,穿上很舒服，大小合适，衣服不错,3.9669112756524534
33553,0,感觉是假货，洗的头皮痒，头皮屑,9.319209221151198
42615,1,做工还可以，买给爸爸和公公的,6.115829086607056
40420,1,尺码很标准，质量不错，做工精细,2.5371238893702293
40445,1,感觉不错谢谢和我推荐的这款裤子,3.958192822905502
3878,1,快！感觉还行！用用才知道效果,6.610703954062536
34677,0,拿图片期骗消费者，收到货失望,63.99734547876765
39397,1,裤子很不错，有弹性布料也厚实,4.843193435797997
41141,1,裤子穿着合身，舒服。 颜色一致,4.793486430112316
34615,0,好像是假货，洗完头皮超痒的。,10.602778222213013
12378,0,这款手机和模型机差不多，水货,7.385309424012743
58563,0,酒店装修一般，照片与实际不符,2.652613728057188
57850,0,环境不错，服务太差，态度生硬。,3.3784030872513284
17432,1,包装不错，个头不大，味道还不错,2.2465318502560563
38707,1,看起来不错的样子，大小刚好！,2.6511952294661807
44589,0,牌子都没有…无语…一点都不专业,10.635091500807501
40831,1,一直穿花花公子的裤子很不错。,10.288027930190566
47531,0,不好 有异味 。。。。。。。。,8.76814075264996
60552,0,就是离机场近点，其它都特别差,6.0256373287620795
34699,0,买了两套说好的赠品吹风机没给！,15.847057764556219
12985,0,连耳机都没有 有一个卡槽不能用,7.35524830584694
11979,0,手机真垃圾，我都觉得是翻新机,7.241239807828401
44487,0,与当时说的不符，事物差距太大,13.380298977510224
14020,1,电话薄项目多！支持群组定义！,34.66830944318467
38758,1,质量不错 款式喜欢，价格也实惠,3.4221431991019142
19047,1,不错，挺好吃的，包装的也很好。,2.755219696927717
26912,1,太便宜了，偷装实惠，囤货推荐。,13.964931179849788
47312,0,差评，再也不买啦，料子太差了,10.911781097052865
18172,1,口感很好就是有点小再便宜更好了,6.436525093809373
23177,0,不好看，不好吃。可送货蛮快的。,9.419105976285602
9484,0,垃圾京东卖的垃圾货让我赶上了,13.87645467840492
45556,0,衣服质量不好，虚假销售，别买,4.497274610379345
57583,0,适合临时入住一晚赶飞机。。。,8.694710524951406
6812,1,不错，买来看电影，屏幕够大的！,4.404415183071005
42992,1,很满意的一次购物，一个字，好!,5.156027051003364
34998,0,买贵了，*还618，我就呵呵,51.34631611365206
26249,1,东西收到了，好用，多次购买了,16.244975364065148
41328,1,可以，这是第二次买了，很值得,5.835053797315784
7203,1,什么赠品都没带，包装也特别简陋,5.605331060539791
6102,1,我觉得还不错，推荐给大家都用,3.734434629219511
44747,0,不适合，售后也不行，我也不换了,10.509566502533255
3245,1,不错，反应还可以，价格波动大,2.927226034382449
44108,0,质量很差，做工粗糙，好像翻新的,3.6357769521820047
45888,0,非常差，一点不透气，一穿一身汗,8.424164874685475
38693,1,质量不错 面料挺好的 很划算,3.617864097915651
41698,1,很是合身，非常帅气 颜色也好,7.993859368644318
6210,1,好好好好好好好好好好好好好好,1.91951883447456
47508,0,两个星期收到衣服 很棒 屌炸天,13.601323810239133
8509,0,颜色有点不对，很晕。看电影不好,5.6345508822445405
32730,0,貌似假冒伪劣产品，用后掉头屑,5.247697391013051
9408,0,国产差的根源不在技术在理念。,6.393000992826362
47523,0,给朋友买的，他说要丢掉，垃圾,4.755276160383793
7862,1,服务态度很好，快递员很尽责。,3.340764953921179
19175,1,放心。买哦的放心，以后还会买，,14.23732228775872
40803,1,太长啦，真的太长了，其他还好,4.466578815922149
12770,0,不知道为什么一直黑屏，白屏！！,5.044077816676102
7016,1,速度很快，用着很顺手，很满意！,1.9409309898549396
47844,0,穿着痒痒的，越洗越大，后悔了,7.498752143927546
14474,0,待机时间短，功能太少，玲声小,13.134282511099936
30502,0,19号买的今天才到。只想发火,25.982555777185304
19964,1,现在改在京东买苹果了 多快好省,16.512187480866363
5574,1,买给妈妈用的，目前用着不错?,6.323270286505305
5003,1,十分好、大品牌各方面表现不错,5.314119276583214
43791,0,根本不是纯棉，一颗星都不想给,13.231913436264787
9483,0,玩王者荣耀fps19自行体会,42.67843283988513
25902,1,一直在用沙宣洗护用品，相信京东,20.530228433299506
7639,1,商品的性价比高，物流速度快。,3.0534173614752147
35236,0,还不错，刚用了一次，用用在说,12.88390484728917
3148,1,大小合适，使用中期待好的表现,10.88489420540691
34794,0,假货 头发洗后像稻草一样干燥,18.658243934233187
35617,1,还没有使用呢，不知道效果怎么样,2.656709664758493
14922,0,速度慢，修了两次．正准备换．,8.826875924005888
37818,0,看到的请转发。抵制劣质蒙牛！,8.451103138413846
33763,0,差评，我买的时候*，现在*了,14.13882941512674
37816,0,抵制日货不如抵制蒙牛、伊利先,8.955399672112812
26892,1,商品第一次购买，用后再来评价,9.167973142891471
42722,1,穿上很舒服、面料不错、物流快,3.177078772054649
46519,0,骗子 劳资没有收到货！ 骗子,14.505759178336925
39531,1,非常好看，下次还要买，不错！,3.8290001809310903
15688,1,苹果新鲜，大小均匀，味道不错！,1.997085551871537
15920,1,发货速度快，个大，汁多，味甜。,6.794192388754876
3578,1,机器挺还错，音质挺好的。。。,13.297322022655225
34947,0,不知道哪里来的好评，根本不敢用,3.6701140148098594
39240,1,很不错的衣服，价位里算不错的,4.971353113233729
41088,1,面料不错领口面料好老公很喜欢,7.159359345631007
43709,0,太大了，都不知道什么码数的。,8.654008182078366
44361,0,等了4天，奶奶的颜色发错了……,9.490549334292396
45800,0,垃圾，跟我看的不一样，还掉色,8.128316128423345
18456,1,苹果收到了！快递给力当天送达！,12.975035578433191
58515,0,除了方便去机场外，其他都差评,5.448260799906884
60877,0,都很一般，只是近机场，来回方便,10.112763574896956
38669,1,产品很好。质量各方面非常不错！,2.4210742329882957
40186,1,不错不错 好看 就是不太耐脏,8.199826888116624
27634,1,比超市的便宜，东西好，送货快！,3.2291298350551183
46401,0,码子不对，有点长 颜色不一样,10.287636772868433
45062,0,差评，裤子有股怪味，有点刺鼻，,8.708402210891306
43238,0,质量不行，太差了，真正的假货,4.006930698914776
17138,1,感觉挺好的，快递也快，没有坏的,3.8714212813836135
13420,1,"外观时尚,功能强大,质量还好",3.4065733930665436
8663,0,质量太差，连续换了两个都有问题,3.9764791670487325
32695,0,感觉是假的吧！洗完效果不好啊！,6.115743741575142
15302,0,电池不耐用，每天都需要充电！,3.6099423179194083
47710,0,一个星都无才正对的，差差差！,157.20698856562686
28618,1,买*还送了袋装的补充算下来便宜,75.12182989414225
47143,0,衣服不好。脚口修改的一点都不好,23.361752383955174
16312,1,味道可以，没打蜡，蛮新鲜的感觉,4.860515291589343
4604,1,性价比高，配送快，支持国货！,3.617262956468919
46849,0,怎么不是绒的 别说发错了 唉,89.14433697648282
12643,0,SB刚买了就降价，该死的华为,41.01718969394364
59431,0,作为五星级酒店，设施有点老了,3.0071788016302174
13879,1,MP3扩展音质还可以价格适中,3.716390720659337
43145,0,非常差，地摊货都不如，懒得退了,15.874435025163553
31800,0,便宜没好货，东西很差，不喜欢，,6.073768701907773
27505,1,清扬不错，京东给力。。。。。。,16.976068596408048
44323,0,太脏 不知道什么时候的衣服了,9.446383000995294
42834,1,收到货了，快递很快，很不错哦,3.722381626705562
3752,1,特价买的 价格好 老爷子喜欢,17.769171729834202
33421,0,不好，明显和上次的沙宣不一样,21.658403372396293
21270,0,不满意，有几个是坏的，还小小个,16.1861223213724
59168,0,酒店大堂及客房服务态度很差。,5.997396511007591
5029,1,刚收到货没用呢？不过挺大的。,23.117238553801087
44338,0,坑死了不值这个价。 被商家坑了,9.94891662503398
46264,0,裤子不怎样。。差劲。以后不会来,36.78792706697329
36637,1,蒙牛这新包装挺好看的，被它吸引,7.131144688217528
7847,1,这个不能插电话卡 相当不错了,10.965747494562955
39145,1,东西不错噢，很喜欢，店家也很好,5.24610049121701
9871,0,用了没多久就开始卡！死机！！,6.2777920687594
46572,0,一般，颜色也照片上的有点不同,13.467957056507478
33131,0,试用装没有发给我，商家黑心了,17.108574676470553
39562,1,这衣服还可以，穿的挺舒服的。,2.6805036947104623
47332,0,气味重，还掉色，果然便宜没好货,7.600395220448969
44784,0,发货慢，快递太慢，裤子味道很大,5.205156705204915
43842,0,不满意的一次购物，卖家不好不好,10.341889990954806
46086,0,严重差评，物流慢，态度很不好,4.773952614912559
36649,1,连酸奶也是天杀的蒙牛……霸气！,20.284028454835195
33554,0,洗完以后头痒还生头皮屑，不高兴,16.165804740693506
46194,0,这个就不怎么行啊， 垃圾得很,15.503187178320418
8259,0,裸机什么都不送.失望.机还行,33.97911672101131
43611,0,好几天了，货还没有到，不行的,12.41463915930622
39467,1,质量不错，大小合适，面料舒适,2.3378613208811725
20054,1,好吃不贵，相信京东，购物天堂！,4.92763983437816
25530,1,正品，效果还不错，头发掉的少了,7.58757779657157
4865,1,物流速度很快，机子看着还可以,4.591325891375202
29872,1,好用，一直在用，比超市便宜。,2.8608191950749196
19853,1,苹果有点小，凑单买的，支持一下,14.479588340328489
44695,0,买一样的，但这黑色的偏小很多,34.305544295775874
41581,1,东西不错，挺喜欢的，价格便宜,2.4753024654788867
45945,0,质量太差，还没有便宜的布料好,6.194460882810569
23469,0,有烂的，反应了情况也不解决问题,26.125701960892076
60414,0,服务态度不咋滴，服务员不专业,3.4696420118707025
14606,0,"外壳很容易被刮伤,材料选的不好",5.591115801294192
26251,1,整体还不错，先用下，再来追评。,13.17758643862787
8045,1,音响效果不错，谢谢快递小哥。,4.104692661376773
33781,0,感觉假的，根本没有一丁点清香,8.123354445890682
42559,1,还行，打底用。没什么太大要求,8.8505250579436
39206,1,反季倾销比地摊货迟便宜二十一件,96.1594650902509
27424,1,还没有用哪，也不知道好用吗？,7.971217947441612
42901,1,物流挺快的 质量不错 挺满意的,2.6473487659491046
39462,1,大小合适 面料舒服 没有色差,3.220598803601406
30540,0,收到货，却是套装已拆，不知何故,20.51424209869065
44081,0,垃圾衣服，领口都是坏的，，，,12.128611700276966
8791,0,这次购买的体验觉得京东很差！,7.115782563592134
32850,0,差评，亲身体验，假的，不多说,7.372674816139086
4968,1,物美价廉，，很好刚用，在看看,26.678976879959247
11326,0,质量太差了，不到一个月就坏了！,2.46371517601368
12474,0,VIP会员卡不可以用 气死我了,12.725639322968211
38839,1,很不满意 跟我看到的完全不一样,3.8459018404673815
19162,1,非常满意，很好吃，脆脆的苹果香,5.010469464955944
41282,1,质量不错，没有色差，很舒服的,2.367070896936699
42421,1,手感面料不错，物流快，满意。,4.343171355691028
59419,0,没有床头灯，大灯，纸巾，太差！,12.54652675100879
33119,0,太油了，不好用，一瓶还漏液。,19.866415120466367
12469,0,保护膜没有，皮套没有，太一般了,7.665873031930045
7770,1,挺好的东西，使用起来很方便的,3.836146185397623
60194,0,不好打车。酒店洗澡没有热水！,13.636137356550941
30471,0,性价比不高，价格贵，效果一般。,2.4615444555646273
36636,1,绝对是蒙牛的老酸奶比如实好吃。,70.32960795055084
60061,0,垃圾硬件、垃圾服务、垃圾餐食！,4.933206394614274
28111,1,洗发水的味道挺好，快递也挺快的,4.611967925441823
16801,1,甜中带着点酸，好吃，会继续支持,5.154723428787002
3748,1,活动买的 价格白菜 物有所值,23.876609935543605
43263,0,质量一般般，感觉不值这个价。,2.754797501237604
27883,1,有点刺激头皮，太敏感的需要注意,6.325283368088532
27859,1,、一直用潘婷，很不错，实惠。,12.904086587051031
5090,1,用着非常好，没办法自己拍自己,5.073797899043547
43767,0,裤子真差之人，只能用来插脚。,55.2664034911655
44092,0,质量差，特别是那商标，割皮肤,28.928930953682894
45891,0,差评 错码 衣服一股味而且太大,40.76814311905228
61251,0,酒店早餐可以，卫生不好，比较旧,4.298749278502052
10702,0,不好用，玩游戏卡得很，信号接差,8.21541456280214
44272,0,掉色，把白色鞋，染成黑色了。,24.34165104818129
27286,1,比超市便宜，很好用，快递特快,3.897589435569165
15987,1,苹果一般般，个小还有一个烂了。,15.638117702851982
13461,1,大家都说了，俺在此就不多说了。,3.8661922478720614
32902,0,感觉像假的 用起来和以前不一样,5.958445616876189
41186,1,裤子还行，不错，物流到时挺好的,9.015934646212253
43663,0,东西太普通太普通了。不建议购买,3.181448703385686
45697,0,发货慢，订单还取消不了，差评。,7.888637316963642
40507,1,好舒服好舒服好舒服好舒服好舒服,1.9090889887644356
41171,1,质量很好！！！质优价廉！！！,2.0366380020100534
39185,1,大小合适，很喜欢，质量不错，,2.2800595614988954
10197,0,差评差评玩个游卡死了动都动不了,19.646363642360626
40350,1,质量很好，手感也不错，穿着舒服,2.1739317684108133
7364,1,一次性买了五个，反应快，高端,4.837381682112745
30793,0,基本很少泡沫，洗不干净，失望,5.707113114327851
7658,1,很好，给老妈用的，老妈很喜欢！,2.4533286541609454
3429,1,确实很好，同事说特别特别好！,3.8517903322639864
43298,0,根本不搭边，实物和品牌不一致,14.349540343364195
27845,1,还不错啊，就是没有送吹风机。,5.613906873220576
47672,0,袋子封口用胶布贴的，我也是醉了,12.34352121213321
34497,0,不是说有风筒送吗？怎么没看到？,9.707020316705028
10081,0,这个平板真不值，有失华为水准。,12.242813855882902
26900,1,为什么618活动过后还降价了,12.85556214733863
16802,1,挺不错的水果，信赖京东自营商城,7.565233490907905
10550,0,买贵了，还申请退款一直没反应,9.928858144670372
27080,1,挺好的挺好的挺好的挺好的挺好的,1.7034769123371951
39204,1,裤子看起来还不错，但有点褪色,4.02988773947754
35188,0,感觉有点假。果然是便宜没好货,6.262370459477156
37812,0,太太太恶心了。。蒙牛，去死！,35.971065860523034
45403,0,衣服还可以，物流不是一般的慢,3.8808451492138327
44668,0,还行吧，我在怏递店找的半天。,84.28265330028385
40680,1,穿上很舒服 颜色不错 大小合适,2.7109325771401918
46187,0,龟速的物流，其他的就不想说了。,15.308612103930844
27755,1,用了几次了，效果还不错，可以买,3.027429943406987
33039,0,刚买完还没收到货呢，就降了*,12.864379752002801
45713,0,买加绒的给我邮夏天穿的，骗子,38.312315170095
61225,0,酒店一般，服务一般。有待提高。,4.165341008003633
35459,1,目前不错，希望质量过硬，再追评,12.043594180346116
6228,1,看视频很清晰，运行速度也还可以,2.232143942374963
59240,0,环境不错，很干净，交通方便。,1.9939746420240096
39164,1,很好，与图片相符，买回来很划算,2.939523424693963
15467,1,真心的不错，干净，甜，，味道美,10.656772378300461
39261,1,做工精致，穿上很舒服，我很喜欢,2.605381143010406
12208,0,发票迟迟不到，售后反应太慢。,6.402329469493842
38815,1,面料不错，颜色正，我非常满意,3.0204488326146057
39108,1,质量不错，面料也很好，满意的一,4.232556595098567
59383,0,可能住的是东苑，所以不太理想,5.923506851502143
15176,0,质量不好.容易坏.坏了不能保修,3.6881870702184085
7681,1,不错，外观时尚，满足我的需求,2.809387813192758
33724,0,产品有漏出现象，下回不回购买。,33.21939964175638
38247,1,很不错，料子很好，穿起来舒服,3.982265499093938
21685,0,味道不怎么样，说的比吃起来好。,6.432723463736226
31838,0,差评 现在什么券都领不到 差评,8.594512391404631
8497,0,不是钱的问题，是诚信的问题。,3.072772841114709
10908,0,刚买完就降价，还没价保，愤怒！,14.474392783264486
30486,0,商品的生产日期呢？到处没找着,12.146599636814159
45606,0,差差差差差差差差差差差差差差差,2.4031377187461134
24299,0,第一次买苹果就这样，坏的有一个,9.280497682591484
5504,1,用着还行，物流很快，信任京东！,6.132556595622298
21250,0,物流太慢，必须差评。苹果一般。,6.744609917923906
42946,1,质量不错，很划算，老公很喜欢,2.3174475935200074
47406,0,我要的M号给我弄个L号，乱来,33.743062784072244
10178,0,像素很差，屏幕分辨率也不行。,3.7852103616813713
4060,1,不是自己用的，大小应该挺好的,6.351110852887563
45163,0,根本没法穿，和图片一点都不一样,4.707632320025837
43272,0,买了两条，这条裤子码数偏大了！,5.875682483731793
42295,1,不错，码数标准，有弹力，修身,6.540811106021807
44435,0,这么厚，还薄款，一颗星都不想给,10.923303886511286
12780,0,货不对版还是要到实体店比较好。,9.565030907462104
47198,0,差距很大，和我想象的完全不一样,2.594309179467877
31917,0,用了几天，真心垃圾，谁买谁后悔,8.6679854998474
35967,0,宝贝不错，物流也不错，售后差，,3.2754781604597243
4697,1,宝贝已经收到，质量非常的好！,4.653452682309812
38762,1,质量很好，促销给力，值得推荐,2.893472481996409
35191,0,洗完第二天就有头皮屑 还很多,9.245887413437297
10991,0,一般般，几百块钱还想咋样呀！,12.892787339142151
28449,1,质量挺好的，挺好用，满意，ok,6.311281179447122
3538,1,用了用，不错呦，还挺好的～～,12.180037488131193
31540,0,买了四瓶箱子里都洒成这样了…,17.408696878055956
23378,0,苹果是酸的，不好吃………………,4.089366576216342
43440,0,码数偏大不合适，质量一般般，,6.011871553086855
45547,0,真垃圾什么破裤子，谁买就是傻缺,24.538178934216162
37862,0,"不爱喝蒙牛, 以后也不会喝.",10.45353327824536
34759,0,洗了好几天，很多头皮，不好用,11.204494390855906
44558,0,差太多 材质布料完全就是地摊货,8.087264202260608
27790,1,一直用沙宣，活动价格比较优惠,8.110411937102613
42605,1,穿在身上很舒服，不错，价格合适,2.709486312536354
16775,1,最终在重中之重重中之重重中之重,4.696895858379902
41620,1,裤子质量很好，一分价钱一分货~,2.8771151144208216
30162,1,送货快 价格合适 搞活动买的,12.6434995506956
36642,1,蒙牛的香蕉牛奶……也还不错啦…,12.932448791276675
47456,0,我想问你还有在垃圾点的吗郁闷,13.931326284952323
3387,1,有点不适应，早知道就买小米了,5.3716702172067965
26785,1,物品齐全，用起来还是不错的。,3.016834128015065
11674,0,手机卡托槽容易装反和以前不一样,20.96468129242311
47679,0,一般般，和街边的没什么区别。,5.009196968149688
44678,0,太大了什么东西换了和以前一样大,5.783815998349119
14755,0,照像功能太差，摄像头没有保护,5.333774072038242
33096,0,怎么跟之前买的不一样，很像假的,9.533747073609252
5502,1,东西不错，帮同事买的，很满意,3.4987095999653834
4830,1,一直信赖京东，好东西赞一个！,5.601091515210556
33731,0,东西是假的吧，洗了之后好痒。,10.911101713301969
41769,1,个人很喜欢，很满意，服务也不错,1.984337788894995
31559,0,一般般一般般一般般一般般一般般,2.0302824704629088
45412,0,买小了不能换，所以只能一星了,36.711195029401026
38633,1,收到了，质量不错，物流快，满意,3.803370326485134
10176,0,没发票，赠品，连膜都不给送张,53.608936890074034
43973,0,不好，裤子洗过以后掉色，发白,13.779316825094382
4348,1,用着不错，清晰很快，很喜欢！,4.489188454007739
5315,1,支持国产，想买大朋友赶紧下单,6.543042914890539
33954,0,没有想象中的那么好，都是套路,3.2993048324711025
35169,0,我个人感觉浓度不够、有点稀、,4.161250598261668
34328,0,假的吧，全家都用洗了都是头皮痒,39.19635066573555
6531,1,太棒了，感谢京东518的活动,6.940025922574778
33730,0,跟描述不符，而且刚买完就降价了,3.7825269907933357
14228,1,商务功能、大屏幕、手写都很好、,4.087427047329223
34144,0,跟图片不一样，有广告欺诈嫌疑。,3.1715538854740175
47995,0,穿三天就起毛了，实在是太烂了。,8.160114814656321
42922,1,还不错，穿着合适，应该是正品,4.721381749434111
7143,1,非常好！运行速度很快，很流畅,2.208541810802169
20955,0,小小的，第一次买，也是最后一次,4.193174320097605
47446,0,太差，穿一次穿皮带那扣就线崩了,75.94928334456775
4492,1,用着很好，快递也给力！支持！,4.0613323411819
27500,1,618买的618买的，活动给力,4.132924634842578
6435,1,手机还不错，这个价位经济实惠。,3.0126196867540305
40175,1,衣服不错，发送时间长了一些。,7.7026117243769905
44279,0,衣服质量好差 没穿多久就脱线了,7.683300706070517
19245,1,一直在京东买水果，还是不错的。,2.6831603288640387
23151,0,口感还行，都有敲的。销皮才知道,40.81588202808468
26818,1,快递员非常给力，京东也给力。,4.726312654734224
28120,1,用了很舒服，之前一直用潘婷，,4.347770170809845
40593,1,面料和质地都不错，摸着很舒服。,2.693403098260907
3379,1,华为品牌值得信赖，值得推荐。,3.079757305023321
11459,0,差劲，待机状态老是自动关机。,11.692845304976633
39992,1,挺好的，纯棉的，穿上挺舒服的！,3.273731250916105
24550,0,吗比的，跟假的一样还不让评论,23.350623696472827
5716,1,京东一如既往的好，值得信赖！,2.8501697263722967
5725,1,东西不知道怎样，不过应该不错,3.6984308062008626
16363,1,大家看看这?个苹果是红富士风?,52.82669752738493
33311,0,全家用了头痒起头皮削，真不舒服,112.00641973155393
6848,1,好好好 真的好 可惜不能打电话,3.6307445478682254
31919,0,果真是便宜没有好货，应该是假货,5.159407542314844
33479,0,是假货，家里人用完，都头皮发痒,11.413210088829194
40518,1,好好好好好，怎么一个好字了得,13.510066232252628
16906,1,苹果好小一个人吃真好吃口还可以,11.367023292418661
28663,1,很划算 还没开始用 希望是正品,3.624240365784166
38205,1,质量真的很好，店家服务也很好。,2.699900755151541
40143,1,这裤子很和我心意 第二次买了,10.90042830078893
44880,0,渣渣 ，裤脚 太大。不给换。,45.84624017619942
22123,0,不能买呀，太小了，没长开，太硬,14.44948850603451
31350,0,昨天刚买完就降价，也太快了，,5.149773598028055
8891,0,连一个耳机都不给我 好坏好坏哒,8.522068047446703
6687,1,平板不错，价廉物美，很喜欢。,3.574084230003627
9595,0,快递员 太次了 说不让开箱验货,65.31363116043103
58685,0,酒店设施太老了！环境也太差了！,3.0892566102843264
34384,0,生产许可去哪里了？清扬？？？,43.064025137631674
33496,0,还没用，包装不好都漏了。。。,22.387735554475164
41403,1,质量很好，腰身合适，穿着舒适,3.5933234683773123
33786,0,觉得像假的不，用的感觉不是很好,15.325072603471284
33396,0,好像是假的用了后脱发更厉害了?,7.771609736072994
32104,0,东西好假，绝对不是正品上当了,11.55750896273708
45719,0,太差劲了，只能说照片拍的太好了,4.295825609629871
11983,0,电池太不经用了，一天都用不上,6.189530090719868
32005,0,这个包装也太简陋啦，都漏出来啦,5.509249236781059
7916,1,一直在使用，不错的，很好，很好,3.03509101591615
42446,1,第二次买了，感觉没有第一次好,3.306712221450711
7171,1,还不错，麻麻天天用来玩游戏的,5.425925375631074
32428,0,客服不理人，要分开发货没理我,26.94563381294679
11971,0,太卡了分辨率太低比手机还垃圾,5.593360080155703
46807,0,一洗就皱得不要不要的，还起球，,8.730114000081505
58279,0,地理位置繁华，设施，房间陈旧,4.738112464862102
38222,1,不错很好看，穿上很舒服，蛮有范,5.3967055067417675
46394,0,一个字差 和照片上完全不一样,11.608054819191322
21613,0,速度太慢、这么热的天，会烂的，,12.241587046191647
41927,1,一口气买了三件，看着蛮舒服的。,3.5238405900803613
34535,0,已到货，还没用了，用完再评价,8.844463110566284
61738,0,1楼没有WIFI，酒店有点老了,8.82349093826689
20167,1,货迟到了两天，感觉味道不怎么样,8.001008886367977
11951,0,频繁重启，存在质量问题！！！,4.793640613907042
43679,0,颜色发的不对，衣服料子不舒服,11.333228688174348
36657,1,我对蒙牛的信心啊感动中国。。,39.81260359799851
45512,0,垃圾货，跟牛仔裤有啥区别，垃圾,6.932455477380066
8227,0,一般般 就是配送的东西几乎没有,6.580297304417478
44038,0,发过来跟旧裤子一样，觉得亏了,23.204260807390945
5390,1,赠品很多 公司搞活动大家很喜欢,8.47398974459934
10515,0,屏幕分辨率太差，看的眼晕。。。,8.102141525109943
26998,1,到手还没有用，期待它的效果哈。,9.235231485925091
4493,1,不错啊，支持华为，用起来没毛病,2.7385545378730476
40069,1,很白哦 还不贵 就是我买大了,20.81183086708944
42273,1,好好好好好好好好好好好好好好好,1.8583650511474832
24733,0,水果仓储有问题有长霉的有烂的。,30.15803160400784
6516,1,非常好用 特别喜欢 价钱也不贵,3.0069168271810396
59547,0,没有窗户憋都憋死下次不住这里了,27.931974663150342
40202,1,我是第二次购物了，质量没的说。,3.7019792692711087
47991,0,好渣阿第一次穿就起毛还烂了狗血,45.38447435581253
23333,0,坏的好几个，差评，绝对的差评。,9.75453565844817
46417,0,申通快递太垃圾了，要自己去拿,4.559402503260872
6388,1,性价比超高，大赞，支持国货。,5.528323943800591
7625,1,不错的 运行流畅 快递很给力,6.256078726886474
40512,1,质量不错，手感很舒服，物有所值,3.048389531499824
44643,0,质量有点不行，物流时间很慢！,3.5344762429849195
47570,0,"颜色偏差大,网上买的真的不可信",6.1782436089307495
27964,1,很不错，很好用，多用几天在说。,7.12284895709843
39454,1,质量还可以，在网上查了是正品,3.110371812144513
44970,0,面料比较硬，也不薄，不满意，,8.152818832110428
40911,1,宝贝收到了 。质量非常不错。,5.703127497330839
15493,1,挺好吃的，价格还可以，送货到家,3.496752940621469
18861,1,是富士，脆甜多汁，个头有大有小,8.73397210090121
45979,0,色差太大了 颜色和图片根本不符,3.906563522757992
10089,0,华为垃圾，一生黑，狗屎玩意 。,18.533407898998703
25872,1,活动力度不错，看看后面使用效果,5.838249606075677
19418,1,价格合适送货飞快，蛮好的，挺甜,15.48947056582021
61960,0,一般般，临时睡一晚还可以考虑,8.182824666078535
40927,1,东西很不错，穿起来很合身舒服,4.339312413791025
41534,1,物流快，裤子质量挺好，也修身,5.348231825873972
47863,0,垃圾，什么玩意，真个就是骗局,13.15772771579934
26074,1,没有漏液~保质期都在2019年,20.538536628859827
38289,1,质量不错，挺喜欢的，性价比很高,2.0457653055891503
29608,1,活动时买的，很划算 香味很好闻,4.525801189668657
35810,1,暂时没什么问题，安装费也很公道,5.274540747943216
33102,0,希望京东可以让人信任质量可靠,3.6308604464578784
29685,1,效果挺好的，味道也比较好闻。,2.7532483915535444
34943,0,护法的太少 其它还可以 还没用,49.87021249627094
23816,0,一点儿也不好 里面都还有烂了的,13.941566829507567
39677,1,衣服不错，穿着刚刚合身。。。,7.081411476996731
57537,0,不值，不是特别舒服，性价比不高,5.67691132585143
43984,0,一般，款式老，面料比较粗糙，,4.564658517733018
39577,1,穿起来还不错，一下子买了六件。,4.576078181041384
25468,1,快递真快，没得说，东西也不错,4.545938136376372
25808,1,这款洗发水不错，个人非常喜欢。,2.163277382067227
6970,1,不错挺好的，颜色我也挺喜欢的。,3.627815018674243
29068,1,还不错 包装没有她们说的那么差,4.542745558456025
11740,0,包装太恶心，让人感觉不舒服！,3.572125593437229
19105,1,外观一般，口感还行，果偏小些.,22.64314379423234
36629,1,好喜欢喝蒙牛的奶特哦，香草味~,21.83603900477428
41731,1,衣服非常透气，穿在身上非常有型,2.803647163475105
18931,1,挺好吃的。还不错啊。果大好吃。,8.062293863292794
29952,1,第二次购买，很划算，物有所值,3.3836174200665763
42828,1,衣服穿着很合适，厚度很适合夏天,3.9446809345117253
34948,0,价格根本不便宜！秒杀是骗人的！,3.973166772534317
16904,1,好甜好碎呢，这是一次愉快的购物,10.739981117610785
37811,0,蒙牛的牛奶 好难喝 再也不买了,6.359439877280803
30851,0,不好满头头皮屑。头发痒死了。,39.33447507519961
15559,1,买给女朋友的。应该还可以还可以,3.008908657844936
39573,1,裤子很不错 穿着很舒服 喜欢,2.603275448381686
46622,0,尺寸偏大，换货麻烦，服务太差，,3.819755541983717
32158,0,妈的，买贵了，就这两天降了*,61.11989906415502
12150,0,骗子 掉价几十快 才买几天！,56.99746560867837
33475,0,买了以后就后悔，全是日本货。,4.338149352793156
46631,0,没有诚信！！买3件没送内裤！！,18.386885699592803
38274,1,质量不错 款式也好看 非常喜欢,1.965305255499952
42218,1,衣服手感不错、没有色差、好评！,4.025988013330006
9744,0,搞什么 送东西这么慢 要5天,18.71962090028475
44405,0,差不多一周时间，今天刚看见的,7.6701540126961145
18648,1,苹果非常不错，大小合适：甜味够,8.85898354205209
6329,1,东西已收到，快递小哥服务杠杠滴,10.72304016177764
6539,1,很好啊，用了很久才来评论的。,5.543219602128884
11867,0,坑货 用没多久屏幕成这样了。,34.951089494673525
17156,1,好吃，又甜又脆，还会继续买的！,4.248005114942964
44426,0,这裤子竟然有个洞，我也是醉了,3.2007375035483814
45718,0,穿了15天就破了，，，，受不了,5.979945032095534
60872,0,卫生间居然有没有打扫的死蟑螂,9.407374107424204
3613,1,暂时还没有毛病，用着看吧……,5.740099047798377
31829,0,说好的吹风机呢，，，，不太满意,4.619695497341288
26940,1,一如既往的好，比超市便宜还实惠,2.5853961658746765
35917,0,安装花了240元感觉很无语。,18.531196236608736
40166,1,非常不错。颜色和质量都很好。,2.034995419417347
11784,0,买了才2天就降价，让人极度不爽,4.741745855038399
37533,0,坚决抵制傻比话！ 抵制蒙牛！,19.573785720239236
44553,0,希望这款会舒服点，包装太简单,4.878992792631288
60041,0,非常差 没有窗户 一点也不干净,4.578464997389172
16732,1,好吃，非常甜，我经常买这个苹果,3.3452923723770938
34760,0,不好用！真的假的啊，洗完特别干,7.315210478959102
6356,1,很好很好很好很好很好很好很好,1.3661031350918529
11716,0,刚买就降价一星是给快递小哥的。,18.95555432377768
45016,0,很小，完全穿不进去，很窝心。,9.097293271483183
42395,1,大小合适，很合身，穿着很舒服,2.4801603911583534
25796,1,洗完了没什么味道，挺好的，清爽,3.656631492227227
27990,1,买回家，媳妇就用了，感觉很好,3.9359673356474656
30804,0,东西到了 包装太差 都损坏了。,26.604331137652654
61496,0,就是方便，离机场近，其他一般,3.1294820459107906
38348,1,牛仔裤己收到，与商家描述一致！,14.88468327570518
30020,1,不错的一次购物，很是满意哦！,2.3757055477181344
32285,0,感觉像假的，洗了头屑多，庠。。,37.166156210794384
11371,0,什么送的东西都没有，手机一般,6.209710308287148
34908,0,真差劲，洗得我满头全是头皮！,18.217908125921593
6840,1,买给儿子的，他很喜欢！支持京东,3.1316862865405173
39503,1,价格便宜，做工一般，版型可以！,2.903524484069558
47715,0,这质量真的好差啊！严重掉色。,5.051794124682624
3750,1,京东线下体验店买的，很不错！,3.260682547173313
10690,0,很烂，我才买两天就开不了机了。,7.944339566540216
46320,0,自我感觉不怎么样 颜色不喜欢,10.510090277027839
16643,1,味道不错！挺甜的！很脆！新鲜！,3.9307713180676505
46583,0,袖口比较肥大，没有弹力，一般。,7.077057740096927
34576,0,差评，到现在都没有收到货态度差,10.012941362247615
59235,0,对过境旅客来说是不错的选择。,4.557692016385131
21879,0,啥玩意苹果那幺小还不甜**玩意,53.85014761554358
61802,0,这哪里是什么五星酒店，很差。,7.05700875295335
31888,0,没效果 ，而且用了还有头皮屑,7.436472464885759
44419,0,质量不行，货品太次，根本不想穿,13.333380911362514
34950,0,说好的赠品呢？没收到赠品，差评,7.706323491169329
39024,1,样式不错呢，穿着刚好，质量不错,3.85209637564089
5246,1,给老娘看看电视剧还是蛮好用的,18.422061296988407
38232,1,不错，买大了，重新换了一个小的,6.958149610435323
39819,1,这条裤子的标签怎么那么旧！！！,7.300358005210679
46083,0,尺寸小，做工真心糟糕，没穿过,4.3432418635187275
45452,0,没有收到，也没有退钱 差差差,19.586480703764426
60816,0,酒店般，离机场近，比较方便。,4.942546368309071
32344,0,差评，一个东西送了快十天才到,15.692316235502002
6289,1,实物与网页上描述一样，很好用,6.874712849953574
35083,0,太假了，再也不在京东买日用品,10.345646595109395
42635,1,衣服质量不错，样式好穿上很舒服,3.4595160759324393
9445,0,反应慢，不实用也不好用。很差,7.318256937185974
31904,0,吹风机没给 坑人 售后不处理,66.29096748179245
31360,0,一般般，很香，别的优点还没发现,6.1762763892217
41629,1,东西还好 就是买大了 很郁闷,10.374128892243895
40483,1,质量不错，材质很好，很喜欢。,2.416297326752009
30141,1,应该不会吧，以前用过，没感觉有,7.033771245262652
33734,0,太垃圾了，这种洗发水也拿出来卖,6.2509211812099945
33230,0,"买贵了，*,还618，我就呵呵",74.04143392563928
35705,1,物超所值，材料费只花了60呢,13.373929037825272
36055,1,蒙牛老冰棍挺像小时候吃的。。,29.41018739000017
41257,1,裤子不错，买得很合适！码数很准,7.871899949171548
29110,1,高端大气上档次，低调奢华有内涵,2.4886307481961802
27038,1,洗头水收到、晚上试了一下，不错,19.75031965046363
39162,1,裤子不错，穿上很舒服，很暖和。,4.0867447420478875
46676,0,太容易掉色了而且穿着也不舒服,3.5414299521783903
47276,0,货不对图，大家别上当。小心被骗,19.368927320432157
31367,0,上当了，那幺小点，在也不买了,43.91782067922086
30345,1,洗头很清爽，香味清淡，一个字值,15.237655095469261
44693,0,给力的 烂的 一比 大家不用买,89.3508778051068
5856,1,发货送货速度快，东西还可以。,4.632526290828937
17293,1,第一次网上买苹果.感觉还可以.,2.5714617736082395
29577,1,一直用这牌子，非常不错，好好好,4.15651367123707
17012,1,这款苹果不错，就是价格高了一点,2.832357368079821
37813,0,不喝蒙牛，不吃双汇 漫画不赖,42.37713764129807
42657,1,质量挺好的，一直信赖京东???,5.499561164002552
34994,0,不值得 电话的废话都觉得好的,49.15783730403734
41103,1,裤子质量不错，穿着很舒服，满意,3.6085361384690953
37782,0,半年抵制日货，一辈子不喝蒙牛。,24.715546506705497
32116,0,洗发液都流在盒子里了，包装太差,15.948427896041343
47875,0,我只想说去你大爷，是别人用过的,28.594609923752685
45567,0,型号发错了，腰围大了不止一圈,12.211171334795427
42200,1,非常滴好，170，126斤穿M,106.6245437206406
31993,0,没有了，洗了头发干涩头皮不舒服,11.515121600060288
39829,1,东西不错，很满意的一次购物。,2.999196604098803
32221,0,你这包装能在坑点吗？？？？？？,23.857098886398592
38533,1,样式好看，大小合适，价格便宜,2.298284998965329
34730,0,假货，洗完油油的，，，，，，,17.91021551382313
40085,1,质量不错 穿上很舒服 衣服不错,4.861637841814638
30869,0,超级烂的一次购物，物流超级烂！,4.089603053046358
6692,1,音质好，屏幕清晰，看片神器。,5.580529344814247
18677,1,很好吃，就是皮硬了点，味道还行,2.778368438223703
25738,1,非常好用。还有满减。太合适了。,4.841306185829264
26736,1,很便宜，分量多，很好用，满意！,3.7240319440038463
33495,0,用了以后头皮痒，不知道什么原因,4.301014054875017
41990,1,Good! 不错哈！以后再来！,13.170587557284994
38766,1,质量很不错，大小也合适，好评！,3.3455620363811436
47412,0,说可以开耗材，买了又不能！！,42.86056951947563
37991,0,很久不喝蒙牛和伊利了太恶心了,11.15018580569028
47852,0,有点薄 尺码不对 也不是棉的,12.832899261697856
37784,0,为喵不喝蒙牛，瞧不起中国企业么,45.557660082756854
6682,1,好用，送给妹妹的，她很喜欢～,7.0204255766629
46486,0,材料差劲，不是棉的，号码不正,17.432379637229275
39828,1,包装很好 款式漂亮 质量不错,2.62313158988539
8006,1,非常好的产品，京东就是值得信赖,2.561750191665724
13813,1,是彩屏的。而且价钱比较适合学生,8.301897728425507
3431,1,到货速度很快，使用后再评价。,5.30589085118287
7760,1,华为平板好用，反应快，屏幕靓丽,2.835591996114454
34566,0,一拿到都吐血，神马玩意儿！！！,32.2751043393978
32019,0,用后头发有些痒，严重怀疑质量,7.4106007871111625
38631,1,裤子不错，大小合适，值得购买,3.1918881981223852
18962,1,味道好，不错，脆甜，新鲜的味道,5.650201108280236
7909,1,产品非常不错，和原机蛮符合的。,6.967506256748948
41965,1,穿着很舒服，面料不错，很喜欢！,1.6363690575860694
35391,0,恶心的京东，无缘无故给我黑号,26.1411458442162
61103,0,一般，地方不好找!服务一般，,4.053003285445514
61728,0,酒店设施一般，服务也不怎么样,2.851488891479117
19904,1,这次的苹果买的最好 好看又好吃,6.663770838072386
35556,1,老板服务很好，东西正品，好评。,4.364599910732406
37449,0,牛奶，永不喝蒙牛！@蒙牛乳业,27.406934885145034
38811,1,质量杠杠的，物流给力，点赞?,6.139081444351763
5595,1,东西挺好喜欢质量还行。屏幕大爽,14.960813037515813
47997,0,洗过一次就褪色成这样了，真差,10.55642240553239
47455,0,服务不好！态度太差！差差差！,4.060573416464317
19111,1,经常在京东生鲜买 送货速度挺快,9.052139928376985
35555,1,买了第二个了，第二天就装好了,6.075278954935263
8355,0,包的太简陋了，连个泡沫都不包,7.412142808805987
34226,0,黑我的号，差评黑我的号，差评,2.1249973891676306
35578,1,第二次来了，这电热水器真的不错,6.522223553864647
34693,0,性价比不高，也没有觉得东西好！,3.0037280493183487
59017,0,太吵，在高架边上，整晚睡不着,12.45100010745395
40381,1,老公很喜欢 大小合适 颜色不错,2.6441644782521587
28886,1,很好用，一瓶都用完了才来评价。,4.74353895933336
47246,0,非常不好看有点像老人穿的裤子,3.9685365759681814
37831,0,喝蒙牛会不会死啊…… 闹心了,26.678305899691175
33612,0,用着起头皮屑~~~再也不买了,10.563938231973479
47424,0,裤子质量真差，最后悔的一次购物,8.394544985872542
8157,0,用了两个多月就坏了，触屏坏了,5.008694400547729
37776,0,开车都不忘欺负我，蒙牛加伊利！,28.392067606182593
28669,1,送货速度相当快，包装完好，不错,5.187936156501753
31518,0,打着双十一的旗子，提高物价！l,10.50736395266558
57590,0,一般般。感觉有虫子。不太卫生,5.852090201664364
43065,0,物流太不给力，乖了一个多星期！,11.954991053613451
29830,1,包装挺好，严实，生产日期也很近,5.023742907414203
47380,0,相当垃圾的一次购买，黑心的商家,5.194404488413098
47839,0,质量还可以，就*的货，太薄了。,17.089914655270782
42449,1,还挺不错，很好看，价格也还好,4.95009555997138
25075,0,直接就少一个苹果啊，故意的吗？,11.911675135665094
21903,0,不值，果子很小～～不值这个价格,16.334229429730005
41868,1,老公很喜欢，质量很不错哦，。,5.028390939723349
31348,0,我敢肯定这是假的，洗完又干又涩,4.294523716417228
7642,1,总体来说体验上等。音质棒棒哒,6.347828133223626
38568,1,颜色不错 穿上很舒服 面料不错,2.2562098108313258
42018,1,裤子质量还是挺好的，穿着也显瘦,2.8576447201748056
40162,1,很好，非常喜欢，下次购买夹克,10.124479270047615
33951,0,效果不像想象中那么好。有点后悔,3.1572819290977177
39958,1,很喜欢，质量不错，穿上很舒服,2.512798054679005
37786,0,想抵制日货，先抵制蒙牛先。。。,16.412605757137378
44909,0,差。忒差一点也不好。面料太差,22.260873256979895
13012,0,活动买的，结果根本没便宜，骗子,10.269586863484456
8568,0,很不好，只有手机，没有耳机。,5.91041903381372
33254,0,质量不怎么样，也没个密封包装,8.357773155095053
39226,1,不错 个人感觉还是值得信赖的,3.745084470023901
12649,0,不爽，没赠品。。。。。。。。。,18.621933829235704
9059,0,推卸责任，我表示很失望！！！！,3.251141819144369
33208,0,物流慢！送货员慢！包装盒坏了,5.756769614284152
18930,1,"很好，顺丰很快,总体还是不错的",17.955740414960648
42529,1,衣服布料很好，这个价格真的值,4.245527768119882
24202,0,这幺小哪有80……上当了，差评,62.14244105746056
44384,0,垃圾啊，太菜了，裤脚一大一小,13.726648158641963
36652,1,蒙牛的这个广告比较好。有创意。,3.9165342713575777
12862,0,音量键处翘起，跟X1一样的毛病,13.780448791107307
11886,0,想退货也不行，装软件也装不上,7.927039522732666
22306,0,哎，这苹果长的太奇葩了，还好吧,5.064771501878485
28759,1,太好用了，价格也非常的便宜。,2.2750161244000457
46339,0,味道刺鼻，无弹性.整体偏长。,17.65082278682911
13973,1,电池待机时间长，机身小巧时尚,2.2877660414055945
6805,1,东西不错，各方面都很满意很喜欢,2.5432958895134385
3558,1,做工不错，老婆在用，支持国产，,4.4903804287126805
19540,1,个头适中，脆甜的口感，很新鲜哦,4.670265133736842
44276,0,跟朋友买的，没选好码数偏大一码,21.41147278188389
10173,0,清晰度大差了，没有想象中那么好,7.363669000042168
29252,1,看着不错，还没使用，用过在追加,11.421802248584626
8238,0,轻轻掉地上屏幕就裂开了，悲哀呀,12.024126092593246
30923,0,差评，别的卖家两瓶，我的一瓶,11.070170605055042
12600,0,真坑，刚买没几天就便宜了50元,9.078611891585002
43960,0,裤子穿了几天就烂掉了成了乞丐服,8.55488707982412
46913,0,裤子漏线。有个动。质检员该换了,181.1674721198262
19308,1,苹果真不错，就是比我想的要小。,5.32476872484225
46496,0,不好，确定这个是秋冬款吗？？？,8.792070767651403
23794,0,有一半的苹果都烂了 失败的购物,8.428876342505594
46155,0,线头到处是。脱线。线不结实。,15.068644754314203
5033,1,宝贝很喜欢，很满意的一次购物。,3.071779151887921
5460,1,给老婆买的 老婆说还可以还不错,2.989516829654624
41051,1,一直穿这家裤子，穿着舒服不错。,5.6125818090636646
5383,1,就是分辨率有点低，其他的都还好,3.629856564829491
34181,0,稀烂，护发素用了和没用没区别,22.56085418217567
31334,0,拿到的快递已摔坏压头！第一次！,18.852010837036936
45228,0,一般般，太薄了，容易越穿越大…,10.659134885652147
61373,0,好大一只苍蝇，好阴森森的房间,6.651058520568718
34347,0,不好用 买亏了 洗完头 很痒。,74.74539514534675
18016,1,很脆。水分多，不酸但也不算甜。,8.509830162855414
33990,0,京东就是一家完全没有信用的电商,3.42833275883031
10015,0,刚买完一天就掉价*这是在逗我吗,22.610797025716753
